,tef_calorie,active_time,pkg_name,update_time,create_time,datauuid,rest_calorie,active_calorie,day_time,deviceuuid
0,0.0,5430506,com.sec.android.app.shealth,2019-05-11 10:50:34.030,2019-05-10 11:48:05.846,edbeb878-ad75-4bf2-995f-cff7c19f89d4,1699.8844,473.56952,1557446400000,FN3Qt5ROM0
1,0.0,2053212,com.sec.android.app.shealth,2019-05-10 11:51:25.229,2019-05-10 11:48:17.809,d75e0fc1-f033-4484-92b2-7f5851f6e0ae,1770.7876,134.47,1555545600000,FN3Qt5ROM0
2,0.0,3483154,com.sec.android.app.shealth,2019-05-10 11:51:25.404,2019-05-10 11:48:17.871,dd95e9bb-d2d9-4d8d-bc3d-c295bc1488cf,1740.7673,223.66,1555632000000,FN3Qt5ROM0
3,0.0,3630996,com.sec.android.app.shealth,2019-05-10 11:51:25.809,2019-05-10 11:48:18.031,1858ba1b-97ce-4331-8e23-25086963ac2a,1737.6636,230.03997999999999,1555804800000,FN3Qt5ROM0
4,0.0,2346862,com.sec.android.app.shealth,2019-05-10 11:51:26.039,2019-05-10 11:48:18.107,3b31eb50-4fad-438e-b5bd-b9a6a7c46a8e,1764.6228,232.24222999999998,1555891200000,FN3Qt5ROM0
5,0.0,6032064,com.sec.android.app.shealth,2019-05-10 11:51:26.283,2019-05-10 11:48:18.167,8e9f3b70-1ead-474f-a757-c430022bb410,1687.2551,288.66046,1555977600000,FN3Qt5ROM0
6,0.0,6958649,com.sec.android.app.shealth,2019-05-10 11:51:26.453,2019-05-10 11:48:18.245,392801d0-c4d9-4129-86b6-59c57ecc01d7,1667.8024,779.65393,1556064000000,FN3Qt5ROM0
7,0.0,11288885,com.sec.android.app.shealth,2019-05-10 11:51:27.090,2019-05-10 11:48:18.403,6e2a5fbb-e3e4-4486-a56b-b5aa05405b37,1576.8927,1038.0151,1556323200000,FN3Qt5ROM0
8,0.0,8041535,com.sec.android.app.shealth,2019-05-10 11:51:27.365,2019-05-10 11:48:18.512,295fe515-60b3-43ad-99cf-2f08616d6734,1645.0681,577.7341299999999,1556496000000,FN3Qt5ROM0
9,0.0,5189949,com.sec.android.app.shealth,2019-05-10 11:51:27.411,2019-05-10 11:48:18.581,8ed19a5b-1820-438f-b7d1-030c27f01aab,1704.9346,421.1756,1556582400000,FN3Qt5ROM0
10,0.0,2254400,com.sec.android.app.shealth,2019-05-10 11:51:27.705,2019-05-10 11:48:18.746,a877c80c-5eba-4c2d-87e8-25ae54974e85,1766.5639999999999,147.01001000000002,1556841600000,FN3Qt5ROM0
11,0.0,4661167,com.sec.android.app.shealth,2019-05-10 11:51:28.022,2019-05-10 11:48:18.905,0419e618-e6c2-4fff-abd9-f4ac82c3dd77,1716.036,383.1601,1557187200000,FN3Qt5ROM0
12,0.0,6440281,com.sec.android.app.shealth,2019-05-10 11:51:28.081,2019-05-10 11:48:18.948,ab0c29c9-86f4-4492-b858-11053c3492e8,1678.685,428.57935,1557273600000,FN3Qt5ROM0
13,0.0,1367101,com.sec.android.app.shealth,2019-05-10 13:34:38.725,2019-05-10 11:48:18.987,52a0a8c5-3527-4a0e-9045-b024079fabae,1785.192,78.95999,1557360000000,FN3Qt5ROM0
14,0.0,6377123,com.sec.android.app.shealth,2018-02-21 13:19:13.671,2018-02-20 06:39:10.172,b554ab2c-d8af-4cec-a929-8e85186232af,1685.2689,441.40002000000004,1519084800000,jQfnryI8/B
15,0.0,8409398,com.sec.android.app.shealth,2018-01-01 20:37:35.340,2017-12-30 08:00:00.611,36e77160-a161-4e51-b5e7-ab1dc4e155a5,1642.4694,546.4308,1514592000000,jQfnryI8/B
16,0.0,2575590,com.sec.android.app.shealth,2019-02-24 13:32:11.454,2019-02-23 05:00:44.806,c0199cb3-aa4b-4ec0-9ca5-5db1e5f50b22,1759.8208,167.48003,1550880000000,jQfnryI8/B
17,0.0,8718121,com.sec.android.app.shealth,2018-06-27 11:40:43.949,2018-06-26 04:00:01.313,e28c23d6-ff6d-4c4e-b74c-69ed3e6e9d01,1635.9679,1030.1676,1529971200000,jQfnryI8/B
18,0.0,6691234,com.sec.android.app.shealth,2018-11-20 12:47:44.880,2018-11-19 05:01:15.300,4d0c7190-6c71-41fa-865a-4c978937ec03,1678.6538,490.98346,1542585600000,jQfnryI8/B
19,0.0,9806826,com.sec.android.app.shealth,2018-04-23 11:38:30.085,2018-04-22 04:00:00.701,9efaf1da-2420-4e50-8a38-ff09d7d248b5,1613.0399,624.94275,1524355200000,jQfnryI8/B
20,0.0,5813077,com.sec.android.app.shealth,2018-07-01 11:40:20.264,2018-06-30 04:00:01.391,2717d1b5-ab51-4c24-8889-0a60f444cfe3,1697.1476,516.85,1530316800000,jQfnryI8/B
21,0.0,4040123,com.sec.android.app.shealth,2018-10-04 00:21:17.724,2018-10-02 04:00:34.804,90fcad23-4335-4b70-ba69-ead9c6c5fced,1734.4858,440.07898,1538438400000,jQfnryI8/B
22,0.0,4284296,com.sec.android.app.shealth,2018-04-16 13:06:55.033,2018-04-15 04:00:00.978,664af32f-4c84-42ad-a6b9-594f31f0f010,1729.3435,269.33002,1523750400000,jQfnryI8/B
23,0.0,6593118,com.sec.android.app.shealth,2018-03-21 09:53:45.261,2018-03-20 04:53:02.162,b9a62479-e7db-43e8-978b-2043bea8ad6f,1680.72,533.4106,1521504000000,jQfnryI8/B
24,0.0,7681456,com.sec.android.app.shealth,2018-04-23 11:38:29.965,2018-04-20 04:00:01.149,5e06a0eb-5153-46ef-8fa9-a683e5639264,1657.7998,495.19925,1524182400000,jQfnryI8/B
25,0.0,5985244,com.sec.android.app.shealth,2018-08-13 16:27:12.844,2018-08-11 04:00:00.977,130923c6-f41a-4e85-9d0c-4eafe476baf1,1693.5217,426.00992,1533945600000,jQfnryI8/B
26,0.0,7239812,com.sec.android.app.shealth,2018-04-12 15:20:56.344,2018-04-11 05:15:30.971,e98678e5-55d6-4c4c-ab75-e2e918ff4985,1667.101,508.07074000000006,1523404800000,jQfnryI8/B
27,0.0,10103826,com.sec.android.app.shealth,2018-06-13 11:51:41.549,2018-06-11 04:03:44.752,6bf679d3-fc10-4a50-8131-20ad0aff02e4,1606.7852,765.8209,1528675200000,jQfnryI8/B
28,0.0,10133065,com.sec.android.app.shealth,2018-09-17 13:34:44.432,2018-09-13 04:01:39.483,98642854-c3b8-4677-a1ed-6301481a693f,1606.1694,780.03613,1536796800000,jQfnryI8/B
29,0.0,1947135,com.sec.android.app.shealth,2017-11-26 16:33:21.218,2017-11-26 16:33:21.218,d045ffd5-4f97-41aa-91da-7bfebbde09c7,1784.1128,140.97,1509580800000,jQfnryI8/B
30,0.0,5796913,com.sec.android.app.shealth,2018-11-20 12:47:44.842,2018-11-18 05:00:02.990,6dac9165-f52d-4672-8cf2-fb9335bab230,1697.4879999999998,463.88898,1542499200000,jQfnryI8/B
31,0.0,2862005,com.sec.android.app.shealth,2019-02-11 13:16:45.022,2019-02-10 05:00:02.072,f9302a40-bdcf-4811-978c-421ea1b4dbed,1753.8077,180.89001000000002,1549756800000,jQfnryI8/B
32,0.0,4528098,com.sec.android.app.shealth,2018-11-12 15:15:30.521,2018-11-08 05:00:57.401,535ca2ba-61f7-4ba6-80b3-2b16f1d238a9,1724.2091,305.58902,1541635200000,jQfnryI8/B
33,0.0,10094709,com.sec.android.app.shealth,2018-08-01 15:37:39.915,2018-07-30 08:59:50.405,b7ebca4d-d34a-4517-92ce-7f03f41bc356,1606.977,755.1935,1532908800000,jQfnryI8/B
34,0.0,9275927,com.sec.android.app.shealth,2018-10-20 19:15:30.916,2018-10-17 04:00:48.629,7e40f02c-7a96-468b-b6e1-288c9008d20f,1624.2206,726.2388,1539734400000,jQfnryI8/B
35,0.0,8390815,com.sec.android.app.shealth,2018-01-12 15:12:43.022,2018-01-11 05:00:00.710,db61cc89-996e-47ec-b7d3-7e71d794f86c,1642.8608,605.8380000000001,1515628800000,jQfnryI8/B
36,0.0,7307257,com.sec.android.app.shealth,2018-07-24 13:03:51.864,2018-07-23 04:02:20.420,1a660fcd-63c4-44ea-9ecf-5c459fb9a76c,1665.6804,737.3634,1532304000000,jQfnryI8/B
37,0.0,2643816,com.sec.android.app.shealth,2019-01-31 17:50:11.530,2019-01-29 05:01:00.763,1657b4f8-f66d-4891-b5ca-ce43ffdd9c57,1758.3885,180.83998,1548720000000,jQfnryI8/B
38,0.0,15420099,com.sec.android.app.shealth,2018-02-26 12:36:31.916,2018-02-24 05:01:35.801,736f7a61-fff8-40f4-b975-77c8c7390f32,1494.8253,1628.029,1519430400000,jQfnryI8/B
39,0.0,7976395,com.sec.android.app.shealth,2018-12-01 16:03:35.966,2018-11-28 05:00:01.695,84c1e80e-d7a1-44f5-8798-cb88b95b252f,1651.5886,584.85596,1543363200000,jQfnryI8/B
40,0.0,3495896,com.sec.android.app.shealth,2019-03-01 12:50:39.525,2019-02-27 05:00:27.828,c5efd641-310c-43c2-bb43-a68cd23b030f,1740.4999,762.4,1551225600000,jQfnryI8/B
41,0.0,9870343,com.sec.android.app.shealth,2018-05-16 13:46:47.821,2018-05-15 04:58:21.297,027a22bf-87be-45ae-b872-ee824e363512,1611.7021,769.7724,1526342400000,jQfnryI8/B
42,0.0,7360134,com.sec.android.app.shealth,2018-09-05 13:44:57.564,2018-09-03 04:00:06.438,b69f5d3d-7c36-4ec6-9689-81f8e573a741,1664.5668,504.06012000000004,1535932800000,jQfnryI8/B
43,0.0,5731454,com.sec.android.app.shealth,2018-09-25 20:39:26.293,2018-09-23 04:23:13.968,e8994519-0dae-412b-a64d-f82887e94e40,1698.8666,687.1379400000001,1537660800000,jQfnryI8/B
44,0.0,9672096,com.sec.android.app.shealth,2019-02-13 11:26:17.666,2019-02-11 05:00:57.202,ba841612-8c4b-4f13-a7de-f49b3a81419b,1610.8358,739.9284700000001,1549843200000,jQfnryI8/B
45,0.0,738369,com.sec.android.app.shealth,2019-03-04 13:55:43.351,2019-03-03 14:31:26.111,497342da-1540-4bc4-a614-7360fe029fda,1798.3917,44.690006,1551571200000,jQfnryI8/B
46,0.0,7689067,com.sec.android.app.shealth,2018-05-18 14:05:30.518,2018-05-17 04:00:01.589,dc67ebdc-865c-4a99-93db-a3f14c95454e,1657.6396,815.3023,1526515200000,jQfnryI8/B
47,0.0,6476955,com.sec.android.app.shealth,2018-05-09 17:43:43.075,2018-05-08 04:00:00.702,b9a5f3ca-8191-4a5d-8adc-92d0e0a873cd,1683.1665,417.02716000000004,1525737600000,jQfnryI8/B
48,0.0,11982148,com.sec.android.app.shealth,2018-01-04 11:41:12.910,2018-01-03 05:03:32.263,a4310c9f-6478-46ed-99d9-375eed9da3f5,1567.2279999999998,971.6041,1514937600000,jQfnryI8/B
49,0.0,4143535,com.sec.android.app.shealth,2018-02-16 12:10:25.026,2018-02-15 05:16:08.797,c1a070ff-1a68-411a-bcc5-777d22b30741,1732.3079,420.02,1518652800000,jQfnryI8/B
50,0.0,11068373,com.sec.android.app.shealth,2018-07-19 18:00:49.841,2018-07-18 10:38:25.063,ad25da5b-b266-48e3-9f06-cc3fbd5fb644,1586.4719,810.88245,1531872000000,jQfnryI8/B
51,0.0,11572324,com.sec.android.app.shealth,2018-10-08 01:07:10.702,2018-10-06 04:00:02.543,bccaf7d2-b8d7-498a-a062-713f345da7c5,1575.8589,989.03705,1538784000000,jQfnryI8/B
52,0.0,3335346,com.sec.android.app.shealth,2019-01-01 19:04:45.732,2018-12-27 05:00:00.995,c472ff5c-dee1-4915-b22b-e3f656ff6557,1743.8705,240.47897000000003,1545868800000,jQfnryI8/B
53,0.0,3972687,com.sec.android.app.shealth,2018-02-24 12:20:54.768,2018-02-23 05:29:11.149,da9d4a53-1baf-45f9-8f00-e122dd88182a,1735.906,251.46095,1519344000000,jQfnryI8/B
54,0.0,6560689,com.sec.android.app.shealth,2018-04-03 11:08:39.717,2018-04-02 04:00:01.052,66006096-74f5-4e0f-aabb-b421a9329ef3,1681.4031,457.86517000000003,1522627200000,jQfnryI8/B
55,0.0,4275102,com.sec.android.app.shealth,2019-02-08 14:27:41.922,2019-02-07 05:00:06.573,0ad493d9-4f96-4ebb-9ee7-6360b82e9bd2,1724.141,290.39996,1549497600000,jQfnryI8/B
56,0.0,780210,com.sec.android.app.shealth,2017-11-26 16:33:22.560,2017-11-26 16:33:22.560,f1725bd0-e9d2-40cd-ae71-01442f60ca62,1808.7648,51.769997,1510790400000,jQfnryI8/B
57,0.0,2710918,com.sec.android.app.shealth,2018-09-23 16:59:36.929,2018-09-22 04:00:26.526,cf68b8d5-874b-4d6a-8d61-d4016f191cb1,1762.4785,190.13995,1537574400000,jQfnryI8/B
58,0.0,2551463,com.sec.android.app.shealth,2019-01-01 19:04:45.311,2018-12-19 05:00:01.686,4f6febcc-c3fa-4336-a076-1a5229dd7c06,1760.3274,173.69,1545177600000,jQfnryI8/B
59,0.0,3624505,com.sec.android.app.shealth,2017-11-30 05:57:24.726,2017-11-29 05:00:01.324,2be376ce-153f-4235-81d5-52b423692ec8,1748.6775,281.97,1511913600000,jQfnryI8/B
60,0.0,526973,com.sec.android.app.shealth,2018-01-01 20:37:31.728,2017-12-05 06:51:59.023,fe09269c-f639-46f1-ade6-309c71201708,1808.4720000000002,36.91,1512432000000,jQfnryI8/B
61,0.0,6995352,com.sec.android.app.shealth,2018-01-01 20:37:33.812,2017-12-22 08:00:00.868,c2758bc8-3709-45f7-9c33-78bd217590e1,1672.249,485.91995,1513900800000,jQfnryI8/B
62,0.0,4959372,com.sec.android.app.shealth,2017-11-26 16:33:23.130,2017-11-26 16:33:23.130,e2182671-3950-42c3-9240-46c75ae9f089,1720.4775,370.78002999999995,1511308800000,jQfnryI8/B
63,0.0,6080846,com.sec.android.app.shealth,2019-03-13 13:56:51.078,2019-03-11 04:00:00.852,73c31e31-26f0-4d09-9f1c-44790842275a,1686.231,607.7112400000001,1552262400000,jQfnryI8/B
64,0.0,9885623,com.sec.android.app.shealth,2019-03-08 19:51:44.384,2019-03-06 05:00:00.911,fdaa54a2-9e6d-4faf-a562-2b2770add184,1606.3529999999998,780.09937,1551830400000,jQfnryI8/B
65,0.0,5385503,com.sec.android.app.shealth,2019-03-02 12:37:45.410,2019-03-01 05:00:00.605,6b57607e-d69a-4847-aca3-83e55b264b73,1700.8291,958.5,1551398400000,jQfnryI8/B
66,0.0,8095992,com.sec.android.app.shealth,2018-06-18 22:06:00.847,2018-06-16 04:00:00.786,c96e33f9-f6df-4fc1-922f-bd0f93efe7e8,1649.0697,545.4688,1529107200000,jQfnryI8/B
67,0.0,0,com.sec.android.app.shealth,2019-01-20 12:01:17.017,2019-01-20 12:01:17.017,66257fe4-7552-423b-bc39-88a5ef2ca478,1813.8932,0.0,1547164800000,jQfnryI8/B
68,0.0,5097075,com.sec.android.app.shealth,2018-12-02 15:28:26.411,2018-12-01 05:00:03.176,e42cb87a-3452-436f-a641-d762da638e8e,1712.2266,435.9247,1543622400000,jQfnryI8/B
69,0.0,5784181,com.sec.android.app.shealth,2018-07-09 13:51:18.395,2018-07-07 04:00:00.957,71cf3149-b9ad-4d47-9a8b-25467641c0cb,1697.7561,722.058,1530921600000,jQfnryI8/B
70,0.0,3356860,com.sec.android.app.shealth,2019-01-31 17:50:11.698,2019-01-30 05:01:01.824,4fdec7cb-0f54-4494-8338-7b07cd5d422e,1743.4187,197.41,1548806400000,jQfnryI8/B
71,0.0,4151011,com.sec.android.app.shealth,2018-06-25 11:42:43.721,2018-06-24 04:00:00.946,965ea9e8-d3f6-41f0-b42e-633453f72f7d,1732.1505,279.64005,1529798400000,jQfnryI8/B
72,0.0,4413884,com.sec.android.app.shealth,2019-02-19 23:10:16.829,2019-02-18 05:00:01.460,fe7ab1f7-3315-449e-ae6e-8a838db93166,1721.2274,353.67502,1550448000000,jQfnryI8/B
73,0.0,3270948,com.sec.android.app.shealth,2018-10-16 12:31:02.345,2018-10-14 04:00:00.899,6cf5d4c3-fac5-41a9-a3f2-c54c2a120159,1750.6846,221.99797,1539475200000,jQfnryI8/B
74,0.0,1461851,com.sec.android.app.shealth,2018-08-17 21:17:51.614,2018-08-16 04:20:22.372,63b85fb2-c893-4046-8cb6-129746652726,1788.7838,98.00998,1534377600000,jQfnryI8/B
75,0.0,11596266,com.sec.android.app.shealth,2018-06-24 14:09:15.409,2018-06-22 04:00:02.005,9b865512-b191-4293-bfb7-acbcbdd8f563,1575.3546,896.57794,1529625600000,jQfnryI8/B
76,0.0,4325509,com.sec.android.app.shealth,2018-11-04 13:17:42.750,2018-11-01 06:24:57.633,41c4a333-3824-468d-80e0-95f8ab1f3656,1728.4755,306.22305,1541030400000,jQfnryI8/B
77,0.0,12423847,com.sec.android.app.shealth,2018-04-08 17:26:24.753,2018-04-07 04:00:00.817,21a97aca-272f-4323-b2b0-73e35c3420ab,1557.9258,888.075,1523059200000,jQfnryI8/B
78,0.0,6240523,com.sec.android.app.shealth,2019-02-22 17:48:45.551,2019-02-21 05:00:02.522,5e51fa8e-7950-4c92-89c1-6780e80f84bf,1682.8788,458.11545,1550707200000,jQfnryI8/B
79,0.0,8589056,com.sec.android.app.shealth,2019-02-06 13:08:32.521,2019-02-04 05:00:02.005,7e22289d-3b5b-455e-a0c6-1beb04aee24e,1633.5734,656.1575,1549238400000,jQfnryI8/B
80,0.0,2586790,com.sec.android.app.shealth,2019-02-10 21:43:10.031,2019-02-08 05:00:01.620,0939daf4-02db-4aa0-8747-485e1938afdd,1759.5857,175.59003,1549584000000,jQfnryI8/B
81,0.0,3522306,com.sec.android.app.shealth,2017-11-26 16:33:21.164,2017-11-26 16:33:21.164,619733c3-b37f-4485-a110-b2c1f57c4e80,1750.8364,268.74002,1509494400000,jQfnryI8/B
82,0.0,3268429,com.sec.android.app.shealth,2018-06-06 11:29:18.790,2018-06-05 04:00:00.750,6c50e490-46ef-49e7-851f-ad13eee62fe3,1750.7374,213.00897,1528156800000,jQfnryI8/B
83,0.0,7563229,com.sec.android.app.shealth,2018-03-12 17:37:17.072,2018-03-11 05:00:00.620,44046ca1-d821-4520-9f16-f2fdc745153e,1660.2897,573.2744,1520726400000,jQfnryI8/B
84,0.0,10942430,com.sec.android.app.shealth,2018-06-16 11:55:40.495,2018-06-14 04:00:01.589,b5ca547c-b084-453d-befc-352031501365,1589.1241,751.3688,1528934400000,jQfnryI8/B
85,0.0,11078687,com.sec.android.app.shealth,2018-10-06 21:58:31.674,2018-10-05 04:00:11.426,0c317bdb-2ca1-4c10-9360-f0178dffad00,1586.2548,862.02527,1538697600000,jQfnryI8/B
86,0.0,7563840,com.sec.android.app.shealth,2018-08-31 19:26:57.550,2018-08-29 04:00:04.347,60c94d14-e5d4-49f2-a30e-c1c10d6519cb,1660.2769,525.9318,1535500800000,jQfnryI8/B
87,0.0,5264972,com.sec.android.app.shealth,2019-03-01 12:50:39.641,2019-02-28 05:00:43.946,d87e3227-79cb-4759-9bde-bc29ddda38c4,1703.3595,379.0172,1551312000000,jQfnryI8/B
88,0.0,11662911,com.sec.android.app.shealth,2018-01-11 14:05:56.773,2018-01-10 05:08:43.209,627408a8-591c-48a2-a8d7-301218f8afb3,1573.951,1251.5515,1515542400000,jQfnryI8/B
89,0.0,12591885,com.sec.android.app.shealth,2018-08-24 11:39:53.265,2018-08-22 22:01:02.051,c07a8af7-1200-429c-b920-d369f457e18a,1554.3870000000002,865.4988,1534982400000,jQfnryI8/B
90,0.0,1357745,com.sec.android.app.shealth,2018-10-05 21:51:07.107,2018-10-04 04:00:31.086,74ba5185-db0c-4d92-93c2-84b60ea9a735,1790.9762,86.700005,1538611200000,jQfnryI8/B
91,0.0,8638668,com.sec.android.app.shealth,2018-04-01 14:53:40.362,2018-03-31 04:00:00.840,8a4179cb-76cd-4b41-b639-4771f6763408,1637.641,665.8392299999999,1522454400000,jQfnryI8/B
92,0.0,2310707,com.sec.android.app.shealth,2019-02-10 21:43:10.157,2019-02-09 05:00:56.250,a2da1210-e403-4621-b1eb-d9359794b0c2,1765.382,147.87999,1549670400000,jQfnryI8/B
93,0.0,7663981,com.sec.android.app.shealth,2018-05-11 23:35:23.115,2018-05-10 04:00:00.807,c73f5322-0fd1-4d93-beb4-27c1edb2e372,1658.1678,535.9503,1525910400000,jQfnryI8/B
94,0.0,1615736,com.sec.android.app.shealth,2019-02-19 23:10:16.535,2019-02-16 07:21:39.370,a410f656-2968-4ff8-9c54-e267cacfb0c4,1779.9722,101.83998000000001,1550275200000,jQfnryI8/B
95,0.0,9845429,com.sec.android.app.shealth,2018-03-07 13:10:19.045,2018-03-05 05:00:29.980,f7636066-ec8a-4012-854e-b71233a6744a,1612.2269,706.59546,1520208000000,jQfnryI8/B
96,0.0,6786491,com.sec.android.app.shealth,2018-01-06 20:02:13.007,2018-01-05 05:00:01.447,6383df23-9857-4ed7-9416-5b07e53bb0d6,1676.6477,576.35175,1515110400000,jQfnryI8/B
97,0.0,10527968,com.sec.android.app.shealth,2018-02-21 13:19:13.645,2018-02-19 05:01:37.307,d6af3b88-f6b1-4f33-9ce0-b0c92f9992be,1597.8527,816.5033599999999,1518998400000,jQfnryI8/B
98,0.0,2025609,com.sec.android.app.shealth,2018-10-14 17:26:38.379,2018-10-13 06:23:59.463,0f641297-b2f0-4787-b11e-22a833225c97,1776.9111,138.65,1539388800000,jQfnryI8/B
99,0.0,1810044,com.sec.android.app.shealth,2018-11-04 13:17:42.847,2018-11-02 05:48:49.793,c78be97f-e20c-4bee-8a44-ecf6da75629b,1781.4508,117.899,1541116800000,jQfnryI8/B
100,0.0,13904605,com.sec.android.app.shealth,2018-05-26 15:05:25.582,2018-05-25 04:00:00.822,c7f21dec-390f-4356-8fa0-deb8cf9d3529,1526.7413,1062.3044,1527206400000,jQfnryI8/B
101,0.0,7587671,com.sec.android.app.shealth,2018-03-03 10:36:24.757,2018-03-02 05:00:25.483,8c6063b5-3360-45b0-bc0c-406a53f9130f,1659.7749,550.3184,1519948800000,jQfnryI8/B
102,0.0,14437263,com.sec.android.app.shealth,2018-08-20 18:02:50.738,2018-08-19 04:27:07.633,0a9baba7-6aa4-43cd-a997-37fc575b61d6,1515.5236,954.7143599999999,1534636800000,jQfnryI8/B
103,0.0,7088377,com.sec.android.app.shealth,2018-01-01 20:37:34.927,2017-12-27 09:36:05.089,f046c4c3-20f9-4aa5-b40f-2f3624c90574,1670.29,456.38757000000004,1514332800000,jQfnryI8/B
104,0.0,13496114,com.sec.android.app.shealth,2018-02-19 21:30:42.138,2018-02-18 05:30:27.455,26993738-fc49-4121-a203-2deef83e90ff,1535.3441,974.7318,1518912000000,jQfnryI8/B
105,0.0,9522002,com.sec.android.app.shealth,2018-04-10 12:52:55.144,2018-04-09 04:00:00.833,4871ed25-b1c8-4dba-9ca4-7a032dab4999,1619.0383,629.1328,1523232000000,jQfnryI8/B
106,0.0,7723219,com.sec.android.app.shealth,2019-01-01 19:04:44.790,2018-12-14 05:00:07.907,111bbc6c-a5b8-4876-91fb-071be3dad79b,1651.7509,757.3319,1544745600000,jQfnryI8/B
107,0.0,6317456,com.sec.android.app.shealth,2018-05-01 10:57:09.841,2018-04-30 04:00:37.739,0a3ae8a0-afb4-4bf0-8dfb-4cd25686a393,1686.5255,456.9854,1525046400000,jQfnryI8/B
108,0.0,5827432,com.sec.android.app.shealth,2019-01-26 13:30:54.755,2019-01-25 06:26:56.016,5d8c69e7-cefc-4032-9c1e-8c354c21860f,1691.5513,476.50885,1548374400000,jQfnryI8/B
109,0.0,5619052,com.sec.android.app.shealth,2018-02-24 12:20:54.694,2018-02-22 05:44:53.227,d4944d56-3e16-4c4d-8a6d-bed47b1cc5f6,1701.2338,530.3736,1519257600000,jQfnryI8/B
110,0.0,11528310,com.sec.android.app.shealth,2018-07-19 18:00:49.690,2018-07-17 04:01:01.146,a6e4fea4-8fcb-48ba-a94d-9498a1cf2d41,1576.7856,878.8718,1531785600000,jQfnryI8/B
111,0.0,3696832,com.sec.android.app.shealth,2018-02-26 12:36:32.006,2018-02-25 05:07:55.381,7415d104-832a-446a-81a0-8b5100b38909,1741.7153,231.23105,1519516800000,jQfnryI8/B
112,0.0,3329001,com.sec.android.app.shealth,2018-10-04 00:21:17.654,2018-10-01 04:01:42.163,860656ef-f4ba-4780-845b-1d8d01ba9fad,1749.4619,228.06107000000003,1538352000000,jQfnryI8/B
113,0.0,0,com.sec.android.app.shealth,2019-01-20 12:01:17.149,2019-01-20 12:01:17.149,0220d825-1192-4b1d-bc04-9d6dd5b849dd,1813.8932,0.0,1547337600000,jQfnryI8/B
114,0.0,11945613,com.sec.android.app.shealth,2018-01-23 14:55:19.608,2018-01-22 05:00:00.676,e5247f32-9dff-41ac-82b4-2d05de1690be,1567.9973,903.5903300000001,1516579200000,jQfnryI8/B
115,0.0,6047835,com.sec.android.app.shealth,2018-02-09 09:35:02.612,2018-02-08 05:50:34.290,05993e17-1f6b-4fe3-a0c2-21ef5ed07ab1,1692.2037,592.66113,1518048000000,jQfnryI8/B
116,0.0,3313126,com.sec.android.app.shealth,2018-01-27 13:27:08.535,2018-01-26 06:39:23.234,dcfb1134-cabc-4e18-a395-ddd49b469002,1749.7961,213.95004,1516924800000,jQfnryI8/B
117,0.0,5276519,com.sec.android.app.shealth,2018-07-12 22:00:49.886,2018-07-11 04:00:00.779,f232f350-ed46-45f5-b012-35dd6f3200f8,1708.4474,484.63004000000006,1531267200000,jQfnryI8/B
118,0.0,11613108,com.sec.android.app.shealth,2018-01-01 20:37:33.553,2017-12-20 05:00:00.781,b53dbdeb-1d83-4504-943f-ce6406c6144e,1575.0,754.67444,1513728000000,jQfnryI8/B
119,0.0,13656442,com.sec.android.app.shealth,2018-05-08 19:45:07.337,2018-05-07 04:00:43.892,b994b1b7-f9c4-41b3-99e2-5c4b655c8c00,1531.9677,941.7601300000001,1525651200000,jQfnryI8/B
120,0.0,8147163,com.sec.android.app.shealth,2018-08-09 00:01:36.210,2018-08-07 05:38:50.757,39b6c2a2-d362-451f-b9b5-3f7da6e6419d,1647.9922,563.6114,1533600000000,jQfnryI8/B
121,0.0,6160299,com.sec.android.app.shealth,2018-10-25 19:40:05.575,2018-10-24 06:46:22.618,d8ecdcab-eb09-4f49-b6af-28f63382d099,1689.8352,447.81152000000003,1540339200000,jQfnryI8/B
122,0.0,4014436,com.sec.android.app.shealth,2018-05-15 22:50:23.849,2018-05-14 04:00:01.092,a9b1ea7f-022e-4c7f-b9e6-5bed7b4ec7e6,1735.0269,390.07898,1526256000000,jQfnryI8/B
123,0.0,8211970,com.sec.android.app.shealth,2018-01-19 14:59:55.111,2018-01-18 05:00:00.685,e3e3a640-ff75-40d7-a6c6-95f321c2e488,1646.6273,640.4717,1516233600000,jQfnryI8/B
124,0.0,9493784,com.sec.android.app.shealth,2018-01-01 20:37:34.045,2017-12-23 08:00:01.680,7cf13117-81ce-48a6-b0c7-8e1f9d55baae,1619.6326,656.20966,1513987200000,jQfnryI8/B
125,0.0,4518489,com.sec.android.app.shealth,2018-07-08 01:10:36.840,2018-07-06 04:00:00.848,e719d883-6b99-4444-8857-342cf439098a,1724.4115,311.64935,1530835200000,jQfnryI8/B
126,0.0,6843258,com.sec.android.app.shealth,2019-01-01 19:04:44.117,2018-12-08 05:00:00.856,082cb966-ceb8-4098-b16c-d603866ef261,1670.2249,726.9639999999999,1544227200000,jQfnryI8/B
127,0.0,8934180,com.sec.android.app.shealth,2019-01-04 02:01:26.547,2019-01-02 05:00:14.429,5022114c-f3e7-4e7a-bc7e-8cb25be81814,1626.3279,740.0741,1546387200000,jQfnryI8/B
128,0.0,3444678,com.sec.android.app.shealth,2019-01-09 12:55:50.336,2019-01-07 07:54:10.188,a50fb7b0-20a4-4a64-b717-22fb91355500,1741.5751,258.1201,1546819200000,jQfnryI8/B
129,0.0,5750722,com.sec.android.app.shealth,2018-02-02 12:41:13.327,2018-02-01 05:53:39.115,4dc70b69-e769-4384-9f43-829e0fbe1b93,1698.4608,504.39005,1517443200000,jQfnryI8/B
130,0.0,4889351,com.sec.android.app.shealth,2019-01-01 19:04:45.580,2018-12-24 05:15:30.090,7830852e-78f7-4ac5-9bc4-6dc020f83e4f,1711.2455,320.31998,1545609600000,jQfnryI8/B
131,0.0,6898608,com.sec.android.app.shealth,2018-07-29 14:12:18.169,2018-07-24 04:02:24.209,d6988b53-9db5-4432-a2d3-7e6d8e8ed4e5,1674.2865,487.7429,1532390400000,jQfnryI8/B
132,0.0,1336027,com.sec.android.app.shealth,2017-11-26 16:33:22.048,2017-11-26 16:33:22.048,50d0e5b2-2dd9-4eeb-90be-e68fe7ed44d9,1797.0228,100.83,1510185600000,jQfnryI8/B
133,0.0,5407256,com.sec.android.app.shealth,2018-10-28 15:55:16.288,2018-10-27 04:00:01.716,ca8c6530-f528-4dd0-8cee-5db33f01b470,1705.6942,568.46,1540598400000,jQfnryI8/B
134,0.0,5876092,com.sec.android.app.shealth,2018-08-31 19:26:57.603,2018-08-30 04:00:49.033,19242102-c485-40fc-aee6-d9071e50b11d,1695.8204,408.23236,1535587200000,jQfnryI8/B
135,0.0,4098629,com.sec.android.app.shealth,2018-07-21 15:52:43.296,2018-07-19 04:00:00.752,dad8f9a6-81c1-4c0b-a3bc-462d78f22916,1733.2535,314.74,1531958400000,jQfnryI8/B
136,0.0,10218802,com.sec.android.app.shealth,2018-08-05 16:48:54.824,2018-08-03 04:00:01.655,fe3bec11-cdb3-47d9-83e6-ae87d9e34c98,1604.3638,892.6216400000001,1533254400000,jQfnryI8/B
137,0.0,10405024,com.sec.android.app.shealth,2018-03-01 22:55:28.295,2018-02-28 05:00:20.162,f43b5c6f-8ac9-4012-9c73-17a811b0d227,1600.442,803.90283,1519776000000,jQfnryI8/B
138,0.0,0,com.sec.android.app.shealth,2019-01-20 12:01:17.370,2019-01-20 12:01:17.370,ad5c9d99-f349-43c2-9404-54fae02293f9,1813.8932,0.0,1547596800000,jQfnryI8/B
139,0.0,5150571,com.sec.android.app.shealth,2018-05-28 11:40:47.562,2018-05-27 06:53:16.448,ca04cbef-0554-460e-8ae0-4dc8a041a2fe,1711.1,482.66,1527379200000,jQfnryI8/B
140,0.0,6044609,com.sec.android.app.shealth,2018-06-19 21:44:07.123,2018-06-18 04:00:00.497,61df99fe-62a6-4308-89a0-5b4634e73119,1692.2716,541.525,1529280000000,jQfnryI8/B
141,0.0,9153853,com.sec.android.app.shealth,2018-09-17 13:34:43.961,2018-08-23 22:00:30.935,63f930e4-48b4-4155-afc6-66d2ff63e6c7,1626.7914,710.91833,1535068800000,jQfnryI8/B
142,0.0,18676,com.sec.android.app.shealth,2017-11-26 16:33:21.031,2017-11-26 16:33:21.031,67217816-da17-4af8-8b64-efa54acd9192,1824.8525,1.51,1509408000000,jQfnryI8/B
143,0.0,6300845,com.sec.android.app.shealth,2018-09-22 16:25:01.691,2018-09-21 04:04:36.456,c4641b92-4c80-4edb-b6fd-c022b4a152cc,1686.8752,487.87073,1537488000000,jQfnryI8/B
144,0.0,10086236,com.sec.android.app.shealth,2018-01-07 14:34:09.331,2018-01-06 05:00:01.777,7a8a84fb-2179-405d-9711-06e5babfc335,1607.1554,854.3666,1515196800000,jQfnryI8/B
145,0.0,13033673,com.sec.android.app.shealth,2018-09-10 00:57:00.896,2018-09-08 04:01:36.165,1ba78c46-83ec-4aa6-8a17-6aa561766572,1545.0829999999999,861.10693,1536364800000,jQfnryI8/B
146,0.0,6860155,com.sec.android.app.shealth,2018-03-21 09:53:51.096,2018-03-19 04:00:00.744,7900db3a-bbe3-41f4-8762-1ef670c9f98d,1675.0964,491.1612,1521417600000,jQfnryI8/B
147,0.0,3989815,com.sec.android.app.shealth,2018-03-30 16:07:37.505,2018-03-29 04:59:57.908,7661f092-4e6b-48d7-82e0-77b96edc4610,1735.5453,387.5272,1522281600000,jQfnryI8/B
148,0.0,11291352,com.sec.android.app.shealth,2018-01-15 12:49:03.102,2018-01-14 05:00:56.654,c445cc03-0b6f-4d77-ac2d-cdfda5006664,1581.776,927.15796,1515888000000,jQfnryI8/B
149,0.0,7345961,com.sec.android.app.shealth,2018-09-29 16:33:56.992,2018-09-27 04:48:39.712,05a500a6-3c6e-4654-a57c-94f4b202c49d,1664.8654,522.3483,1538006400000,jQfnryI8/B
150,0.0,2033369,com.sec.android.app.shealth,2019-01-01 19:04:45.517,2018-12-23 05:00:01.235,3ec4294c-ffc1-41c6-a5bd-6479ecb8894d,1771.2043,145.98,1545523200000,jQfnryI8/B
151,0.0,7972384,com.sec.android.app.shealth,2019-02-03 14:27:33.301,2019-02-02 05:00:00.605,0dcbc82f-7ab7-4943-935f-11c49ee10f5d,1646.5199,580.5133,1549065600000,jQfnryI8/B
152,0.0,3675442,com.sec.android.app.shealth,2019-01-27 13:41:02.395,2019-01-26 05:00:32.056,6e94b2ea-8edf-438c-b3f0-446c03afe6cd,1736.7305,242.73006,1548460800000,jQfnryI8/B
153,0.0,5488542,com.sec.android.app.shealth,2018-09-29 16:33:57.022,2018-09-28 04:00:01.407,9738cf82-26cf-49f5-aefa-d70e65bf9513,1703.9823,393.7876,1538092800000,jQfnryI8/B
154,0.0,1210515,com.sec.android.app.shealth,2018-07-15 17:24:02.414,2018-07-14 04:00:00.720,b3fdf63a-ec97-4665-8fdf-7337bf1c4ea8,1794.0769,77.770004,1531526400000,jQfnryI8/B
155,0.0,9125806,com.sec.android.app.shealth,2018-01-01 20:37:34.458,2017-12-25 08:00:00.948,e09d713d-369e-47fd-b09a-5087265c4b83,1627.3821,669.6509,1514160000000,jQfnryI8/B
156,0.0,7415872,com.sec.android.app.shealth,2018-03-28 15:28:12.032,2018-03-27 04:01:07.289,b58004dc-1722-4700-910e-cff930f4d991,1663.3929999999998,544.09644,1522108800000,jQfnryI8/B
157,0.0,8595882,com.sec.android.app.shealth,2018-02-08 10:29:36.762,2018-02-07 06:38:07.423,3da28650-bf46-471d-9317-b15b77686970,1638.5422,594.07983,1517961600000,jQfnryI8/B
158,0.0,7107033,com.sec.android.app.shealth,2018-01-01 20:37:32.050,2017-12-07 05:00:00.862,69fb1a0f-d166-496f-9a4d-6409a0bf78e5,1669.8971,535.5302,1512604800000,jQfnryI8/B
159,0.0,2685410,com.sec.android.app.shealth,2018-03-11 11:21:17.167,2018-03-09 05:00:01.480,3611bcb8-e713-4386-a86b-5250519d86f1,1763.0157,187.94,1520553600000,jQfnryI8/B
160,0.0,5234207,com.sec.android.app.shealth,2018-04-30 11:44:27.425,2018-04-28 04:00:42.281,e5825cd7-bbac-4d13-b50d-c088c33feb30,1709.3385,481.86,1524873600000,jQfnryI8/B
161,0.0,7945129,com.sec.android.app.shealth,2018-03-11 11:21:17.298,2018-03-10 05:00:01.458,2d7a0f8d-a47c-48f8-af04-02c0abc8ae5d,1652.247,596.34045,1520640000000,jQfnryI8/B
162,0.0,3176225,com.sec.android.app.shealth,2017-11-29 05:00:01.654,2017-11-28 06:32:04.663,9fa39f1a-a549-4ce7-acea-22da75163890,1758.1476,290.31383999999997,1511827200000,jQfnryI8/B
163,0.0,6868702,com.sec.android.app.shealth,2018-09-11 21:22:55.418,2018-09-10 04:00:12.505,8b720f0d-a124-45d2-a088-f8fc306c6468,1674.9163,492.63052000000005,1536537600000,jQfnryI8/B
164,0.0,8981881,com.sec.android.app.shealth,2019-02-07 12:18:35.959,2019-02-06 05:00:15.379,476b8ae8-b589-4956-ad7d-258e86e855c5,1625.3263,1117.7612,1549411200000,jQfnryI8/B
165,0.0,7759605,com.sec.android.app.shealth,2018-04-25 12:26:50.687,2018-04-24 04:30:31.110,74a143f6-add8-4899-91a7-a344e25d8ce3,1656.154,668.77594,1524528000000,jQfnryI8/B
166,0.0,8126593,com.sec.android.app.shealth,2018-03-09 12:41:06.057,2018-03-08 05:00:45.161,b9c509e1-dba4-40d1-958f-b7cb1d031331,1648.4253,605.6896,1520467200000,jQfnryI8/B
167,0.0,6626794,com.sec.android.app.shealth,2018-08-14 21:13:18.174,2018-08-13 04:03:04.432,58b54cb9-943c-44b2-846b-72421af3b4ef,1680.011,452.97745,1534118400000,jQfnryI8/B
168,0.0,4563260,com.sec.android.app.shealth,2018-11-28 12:37:28.850,2018-11-26 05:00:00.783,97afc060-b403-4bf9-a666-e733cc1238f5,1723.4685,327.42,1543190400000,jQfnryI8/B
169,0.0,10114010,com.sec.android.app.shealth,2018-08-10 23:54:17.186,2018-08-08 04:00:01.375,2c1050b0-f295-4fc2-902f-ebaddc8c1dfe,1606.5707,791.7877,1533686400000,jQfnryI8/B
170,0.0,9424467,com.sec.android.app.shealth,2018-11-17 15:49:36.775,2018-11-14 05:00:01.958,1baaa141-5540-4ffb-a2d5-872b10b5871d,1621.0924,846.05396,1542153600000,jQfnryI8/B
171,0.0,5445640,com.sec.android.app.shealth,2018-02-04 11:38:07.070,2018-02-03 05:00:01.747,d6546654-6bc0-4e08-a8c3-e461412d5607,1704.8859,402.53503,1517616000000,jQfnryI8/B
172,0.0,8509758,com.sec.android.app.shealth,2019-01-01 19:04:45.697,2018-12-26 05:00:01.092,381f15c4-76f6-4156-b38e-161107a3e549,1635.2382,672.8026,1545782400000,jQfnryI8/B
173,0.0,1988615,com.sec.android.app.shealth,2018-07-09 13:51:18.487,2018-07-08 04:00:01.393,b26d4f59-d4b7-447d-8309-6c07d630306a,1777.6902,126.81655,1531008000000,jQfnryI8/B
174,0.0,9076209,com.sec.android.app.shealth,2018-11-22 12:45:08.360,2018-11-20 05:00:00.693,b0dcc854-ea4f-4e4b-bdcf-a43389cbb993,1628.4266,770.3955,1542672000000,jQfnryI8/B
175,0.0,10872835,com.sec.android.app.shealth,2018-11-17 15:49:36.654,2018-11-13 05:00:00.797,9628b111-d329-4ece-912b-5262c4893b9b,1590.59,833.6135,1542067200000,jQfnryI8/B
176,0.0,8142547,com.sec.android.app.shealth,2019-01-01 19:04:45.444,2018-12-22 06:41:39.934,6ff46522-00d6-446b-b377-91fc03067f39,1642.9475,732.6610000000001,1545436800000,jQfnryI8/B
177,0.0,2191254,com.sec.android.app.shealth,2018-01-01 20:37:32.281,2017-12-09 05:00:02.039,10b4adb0-c91b-4eae-b327-2ce4fc23fa95,1773.4225,157.47005,1512777600000,jQfnryI8/B
178,0.0,8898728,com.sec.android.app.shealth,2018-01-01 20:37:33.649,2017-12-21 08:05:49.107,e5f00265-86af-4599-9eef-6a7365906a6b,1632.1643,634.68494,1513814400000,jQfnryI8/B
179,0.0,3242401,com.sec.android.app.shealth,2018-02-28 18:20:03.684,2018-02-27 05:01:21.486,db03a199-5866-4773-b78c-63ddd2adca5b,1751.2856,202.73102,1519689600000,jQfnryI8/B
180,0.0,11270875,com.sec.android.app.shealth,2019-01-01 19:04:45.223,2018-12-18 05:00:02.861,463b929a-b3b5-483d-8c80-9b092c5f527b,1577.271,1043.947,1545091200000,jQfnryI8/B
181,0.0,4526752,com.sec.android.app.shealth,2018-08-13 16:27:12.572,2018-08-10 04:00:01.616,8966ff95-6a4b-40a1-b3c7-e9a72e4131db,1724.2374,361.28094,1533859200000,jQfnryI8/B
182,0.0,4870230,com.sec.android.app.shealth,2017-11-26 16:33:20.919,2017-11-26 16:33:20.919,12422169-6986-47d2-971e-b8a96c1e98ba,1722.3608,385.82007000000004,1509321600000,jQfnryI8/B
183,0.0,5904718,com.sec.android.app.shealth,2018-04-05 11:18:39.718,2018-04-03 04:00:00.865,2a297dc5-57f1-418a-aa1d-84ebf8d22c2a,1695.2177,543.2590299999999,1522713600000,jQfnryI8/B
184,0.0,1273539,com.sec.android.app.shealth,2018-08-07 22:40:31.982,2018-08-06 04:00:31.789,ec432d07-05a9-428d-8a61-b414eb099b89,1792.7496,81.799995,1533513600000,jQfnryI8/B
185,0.0,10126706,com.sec.android.app.shealth,2018-05-06 13:34:27.983,2018-05-05 04:00:01.320,3b41a33d-38a0-4511-a4a4-519b1b396126,1606.3033,661.8745,1525478400000,jQfnryI8/B
186,0.0,2673103,com.sec.android.app.shealth,2019-01-23 14:59:05.731,2019-01-22 05:00:01.493,c18313b3-33fc-4f38-8ee3-5aebc3a13031,1757.7737,631.81,1548115200000,jQfnryI8/B
187,0.0,2864362,com.sec.android.app.shealth,2019-01-01 19:04:45.027,2018-12-16 05:00:17.939,0de143e1-59f9-4fd6-b838-016fe581d456,1753.7584,197.16,1544918400000,jQfnryI8/B
188,0.0,1022803,com.sec.android.app.shealth,2018-01-01 20:37:32.369,2017-12-10 06:02:59.537,0718b839-c2a2-4b46-8e27-e6e189ba828b,1798.03,90.77001,1512864000000,jQfnryI8/B
189,0.0,2641640,com.sec.android.app.shealth,2019-01-01 19:04:44.307,2018-12-09 05:00:01.277,832cf9b7-db63-49e2-a148-bdb47b2f7e78,1758.4342,177.20897,1544313600000,jQfnryI8/B
190,0.0,14739197,com.sec.android.app.shealth,2018-08-28 17:21:25.005,2018-08-27 06:21:44.677,a640c928-45e1-4e44-8676-e7d4ed9eec18,1509.1649,970.36145,1535328000000,jQfnryI8/B
191,0.0,9255255,com.sec.android.app.shealth,2019-02-14 12:13:28.991,2019-02-13 06:07:08.006,6e720f3c-9def-4e1c-bc84-b03fa4557450,1619.5870000000002,711.1144,1550016000000,jQfnryI8/B
192,0.0,12531111,com.sec.android.app.shealth,2018-03-31 13:26:51.619,2018-03-30 04:00:01.078,571ab315-5fb1-4144-a2a8-13032a24def4,1555.6669,818.0076,1522368000000,jQfnryI8/B
193,0.0,4884599,com.sec.android.app.shealth,2019-03-16 12:30:44.501,2019-03-15 04:00:00.851,a325727c-5e55-4315-9a4d-c5c87c63cc54,1711.3452,396.63852,1552608000000,jQfnryI8/B
194,0.0,8756690,com.sec.android.app.shealth,2018-11-04 13:17:42.642,2018-10-31 04:00:01.014,7a9b31a3-514f-414f-9f30-3472d9a4c28c,1635.1556,667.7180000000001,1540944000000,jQfnryI8/B
195,0.0,7453762,com.sec.android.app.shealth,2018-01-24 22:13:46.757,2018-01-23 05:10:46.705,bdb697f0-5a3a-41ab-8c51-624b134efc25,1662.5951,692.539,1516665600000,jQfnryI8/B
196,0.0,5600168,com.sec.android.app.shealth,2019-01-01 19:04:44.908,2018-12-15 05:00:01.285,8775fd7d-7f9f-497b-8766-f03db3723c48,1696.3225,465.33087,1544832000000,jQfnryI8/B
197,0.0,1709624,com.sec.android.app.shealth,2018-10-08 23:18:20.653,2018-10-07 05:39:06.009,29956a31-5160-43e9-a3c2-3eda4be857d3,1783.5657,109.24,1538870400000,jQfnryI8/B
198,0.0,1891490,com.sec.android.app.shealth,2018-07-03 11:56:42.281,2018-07-02 04:00:01.435,28ac4113-f5f6-4850-9a07-581483de05b0,1779.7356,127.86,1530489600000,jQfnryI8/B
199,0.0,8218551,com.sec.android.app.shealth,2018-06-27 01:08:47.833,2018-06-25 04:00:05.969,417bdaf9-da02-4d9a-a4fd-8f921549fafd,1646.4886,833.78143,1529884800000,jQfnryI8/B
200,0.0,4367983,com.sec.android.app.shealth,2019-01-21 23:58:30.961,2019-01-20 12:01:08.067,ca4917fc-991c-4d5f-8601-5587db262727,1722.1912,319.98605,1547942400000,jQfnryI8/B
201,0.0,8919353,com.sec.android.app.shealth,2018-04-25 11:59:07.731,2018-04-23 04:32:54.316,02c07df8-ead7-4400-b2a8-b1386e898ec5,1631.73,627.8608,1524441600000,jQfnryI8/B
202,0.0,833021,com.sec.android.app.shealth,2018-07-29 14:12:18.712,2018-07-28 04:04:16.472,fcc66a34-63bd-40eb-b23e-1c56ee9204e8,1802.0267,66.85999,1532736000000,jQfnryI8/B
203,0.0,3713674,com.sec.android.app.shealth,2018-09-15 16:04:36.244,2018-09-14 04:00:01.364,0b96ebcb-8dcf-4960-88aa-9cc883c60293,1741.3607,257.5298,1536883200000,jQfnryI8/B
204,0.0,4690138,com.sec.android.app.shealth,2019-01-01 19:04:45.836,2018-12-29 05:00:07.494,b4601567-5f9a-4bf6-b97d-841d4761013b,1715.4279,439.18,1546041600000,jQfnryI8/B
205,0.0,5755490,com.sec.android.app.shealth,2018-07-29 14:12:18.405,2018-07-26 04:45:20.557,f16f6f18-d7cc-40f2-b63a-4b0dd6564ddb,1698.3604,370.66635,1532563200000,jQfnryI8/B
206,0.0,4807840,com.sec.android.app.shealth,2018-09-26 14:21:52.379,2018-09-25 04:01:19.693,c24dda36-5f08-43ad-86e0-c7cb93807950,1718.3177,396.87674,1537833600000,jQfnryI8/B
207,0.0,5966602,com.sec.android.app.shealth,2018-08-24 11:39:53.138,2018-08-21 22:01:17.972,51d0ef07-97a6-41ee-8c4e-5b24b3d0ab96,1693.9144,413.19815,1534896000000,jQfnryI8/B
208,0.0,3603268,com.sec.android.app.shealth,2018-12-01 16:03:36.030,2018-11-29 05:00:01.367,da5cf96a-290f-45f3-be4a-c3b064238b51,1743.6859,413.68,1543449600000,jQfnryI8/B
209,0.0,4550808,com.sec.android.app.shealth,2018-11-23 15:10:15.486,2018-11-22 05:00:01.143,92119c3e-1649-4fdb-95cb-38d5aa0fdf58,1723.7308,538.788,1542844800000,jQfnryI8/B
210,0.0,4300470,com.sec.android.app.shealth,2018-09-12 13:53:15.863,2018-09-11 04:00:38.664,d799430d-06cc-4c6c-a894-9cac1f99bd2c,1729.0028,366.95734,1536624000000,jQfnryI8/B
211,0.0,7912542,com.sec.android.app.shealth,2018-02-15 12:12:47.744,2018-02-14 05:02:01.497,28057445-27fb-43c7-b027-9fc98118d21a,1652.9331,540.0968,1518566400000,jQfnryI8/B
212,0.0,7017362,com.sec.android.app.shealth,2018-06-07 11:49:04.007,2018-06-06 04:00:00.590,925ce853-dd0a-41b9-86fc-bb130fe24d90,1671.7856,497.8216,1528243200000,jQfnryI8/B
213,0.0,5380096,com.sec.android.app.shealth,2019-01-20 17:23:27.044,2019-01-09 05:00:00.937,c5ed25a9-5bff-49bc-9efd-dd19564874f9,1700.9427,566.4,1546992000000,jQfnryI8/B
214,0.0,3062331,com.sec.android.app.shealth,2019-03-06 14:09:10.656,2019-03-05 05:00:00.797,67a19635-4ae2-4bb7-bd8f-333467d0f7c0,1749.6022,375.56,1551744000000,jQfnryI8/B
215,0.0,6117574,com.sec.android.app.shealth,2018-06-21 21:51:34.230,2018-06-20 04:00:00.794,b6d73d88-21ac-4144-b48a-9ec7aeea5442,1690.735,530.5842,1529452800000,jQfnryI8/B
216,0.0,6209026,com.sec.android.app.shealth,2018-08-04 01:15:50.589,2018-08-02 04:02:04.562,70ae057a-ebc2-4793-85be-adaca924e8bd,1688.809,438.18912,1533168000000,jQfnryI8/B
217,0.0,3334208,com.sec.android.app.shealth,2019-01-09 12:55:50.386,2019-01-08 05:00:00.968,725ca428-449a-441f-ac2f-8ca14fb21579,1743.8943,235.70452999999998,1546905600000,jQfnryI8/B
218,0.0,1664453,com.sec.android.app.shealth,2018-01-01 20:37:31.912,2017-12-06 05:01:02.078,198a9184-0365-48e9-b57e-4b3e3459c159,1784.517,136.83002,1512518400000,jQfnryI8/B
219,0.0,6452877,com.sec.android.app.shealth,2018-06-22 12:09:50.822,2018-06-21 04:00:00.741,cc31ae15-095b-4aa9-9549-998d90b3382f,1683.6735,714.7177,1529539200000,jQfnryI8/B
220,0.0,4231402,com.sec.android.app.shealth,2019-02-23 17:46:49.099,2019-02-22 05:31:37.813,287fe42f-13a5-4b20-a2eb-928b16a2a3ae,1725.0586,961.88,1550793600000,jQfnryI8/B
221,0.0,5978194,com.sec.android.app.shealth,2018-06-11 11:03:04.812,2018-06-08 04:00:01.625,8db433ec-e01a-4e21-94b3-904e5fd975d9,1693.6703,493.63992,1528416000000,jQfnryI8/B
222,0.0,2266848,com.sec.android.app.shealth,2019-03-08 19:51:44.422,2019-03-07 05:00:00.582,953c790f-6e1a-4485-bb5c-22eb6151ff8e,1766.3026,148.84098999999998,1551916800000,jQfnryI8/B
223,0.0,5018535,com.sec.android.app.shealth,2018-09-21 23:52:45.613,2018-09-18 04:00:01.864,d1295c66-3c20-456f-aaa5-ee7ed5aa80f2,1713.8805,357.46686,1537228800000,jQfnryI8/B
224,0.0,6153838,com.sec.android.app.shealth,2018-11-26 14:14:26.318,2018-11-25 05:00:00.689,bf2aa259-3b1a-4893-b01c-82e061092572,1689.9712,480.81403,1543104000000,jQfnryI8/B
225,0.0,3048769,com.sec.android.app.shealth,2018-01-01 20:37:32.501,2017-12-11 05:00:01.780,515ac27e-c230-46d8-96ef-25d1dc6c2a23,1755.3635,245.56002999999998,1512950400000,jQfnryI8/B
226,0.0,5750907,com.sec.android.app.shealth,2018-06-03 14:37:23.461,2018-06-02 05:45:30.419,6b885089-96ea-4b58-bbbc-f400efc07fc1,1698.4569,517.0,1527897600000,jQfnryI8/B
227,0.0,6675010,com.sec.android.app.shealth,2018-06-29 04:01:07.762,2018-06-28 04:02:29.937,e05d4b63-9cf6-4327-af4d-5692365eeb09,1678.9955,841.4939999999999,1530144000000,jQfnryI8/B
228,0.0,8562210,com.sec.android.app.shealth,2018-09-03 00:56:43.956,2018-08-31 04:00:06.908,9cbfe801-c50d-4d79-860e-7f2e37e60c65,1639.2513,639.7505,1535673600000,jQfnryI8/B
229,0.0,5421563,com.sec.android.app.shealth,2019-02-25 14:10:37.196,2019-02-24 05:00:07.228,abe4de53-612b-411d-b3c6-8977e0edfe91,1700.0721,552.12,1550966400000,jQfnryI8/B
230,0.0,14753342,com.sec.android.app.shealth,2018-08-27 12:38:18.832,2018-08-25 22:16:01.448,7f1c0747-b2c5-49b4-927a-104c99bd4a84,1508.8671,1010.5143,1535241600000,jQfnryI8/B
231,0.0,5390323,com.sec.android.app.shealth,2018-06-15 02:18:21.028,2018-06-13 04:01:24.754,a52c5888-0238-455b-93bd-631b5ffbd732,1706.0508,384.4997,1528848000000,jQfnryI8/B
232,0.0,4601608,com.sec.android.app.shealth,2018-08-01 15:37:39.844,2018-07-29 14:02:51.246,1f488ff7-5bbd-4cd0-8988-a70fdd24f720,1722.6609,486.4169,1532822400000,jQfnryI8/B
233,0.0,9657540,com.sec.android.app.shealth,2018-06-05 11:37:07.686,2018-06-04 04:00:01.032,d35de1bb-c06d-4a78-aff9-b38f026dfb22,1616.184,908.6161,1528070400000,jQfnryI8/B
234,0.0,4373941,com.sec.android.app.shealth,2019-02-01 15:23:31.845,2019-01-31 05:00:02.403,fea0ee39-31e2-454f-9fde-b50c45415dc6,1722.0659,274.83002,1548892800000,jQfnryI8/B
235,0.0,5223100,com.sec.android.app.shealth,2018-10-24 14:07:24.311,2018-10-22 04:00:01.124,7604c4a3-3201-419c-bb7e-61d43be4fe9d,1709.5724,373.09047999999996,1540166400000,jQfnryI8/B
236,0.0,5907938,com.sec.android.app.shealth,2018-07-15 17:24:02.210,2018-07-13 04:00:00.723,14d592e3-1cab-48fe-a21a-02353dac8ab2,1695.1499,818.6647,1531440000000,jQfnryI8/B
237,0.0,5602112,com.sec.android.app.shealth,2018-06-29 00:07:28.234,2018-06-27 04:00:30.423,75afa7ae-dec8-46d6-b523-7f7d72b4cf16,1701.5906,396.16504,1530057600000,jQfnryI8/B
238,0.0,0,com.sec.android.app.shealth,2019-01-20 12:01:17.080,2019-01-20 12:01:17.080,1f8267e3-0f80-45ef-b048-67ca345a5e60,1813.8932,0.0,1547251200000,jQfnryI8/B
239,0.0,9104473,com.sec.android.app.shealth,2018-03-24 10:08:10.542,2018-03-23 04:00:00.801,4f547ccf-97ee-49eb-b2b6-c4079bdd1bf4,1627.8314,607.4109,1521763200000,jQfnryI8/B
240,0.0,9994348,com.sec.android.app.shealth,2018-01-20 22:14:24.190,2018-01-19 05:00:00.585,c3ef00d1-841a-4803-b8d2-e8ecab1b45e1,1609.0906,794.1819,1516320000000,jQfnryI8/B
241,0.0,4275982,com.sec.android.app.shealth,2019-01-01 19:04:43.931,2018-12-06 05:00:02.108,0256b5b9-0726-49f9-8a8c-af568317075c,1724.1226,477.38,1544054400000,jQfnryI8/B
242,0.0,3547342,com.sec.android.app.shealth,2019-03-04 13:55:43.042,2019-03-02 05:00:18.666,f1925bbe-9ae5-43de-9425-7dced01ba28b,1739.4197,220.14001000000002,1551484800000,jQfnryI8/B
243,0.0,10555662,com.sec.android.app.shealth,2018-07-11 11:07:58.226,2018-07-09 04:00:00.940,a0f8b1e0-d290-405b-be06-d2b1f19d4fed,1597.2694,810.37354,1531094400000,jQfnryI8/B
244,0.0,7573586,com.sec.android.app.shealth,2018-09-27 17:04:19.539,2018-09-26 04:52:02.700,d271a466-5db4-47fb-96d1-6369858b38cb,1660.0717,537.7615,1537920000000,jQfnryI8/B
245,0.0,8367709,com.sec.android.app.shealth,2018-07-29 14:12:18.605,2018-07-27 04:00:00.609,bc5a3bf0-c6db-410c-8a1d-585a80c7fa5c,1643.3473,680.46106,1532649600000,jQfnryI8/B
246,0.0,7973924,com.sec.android.app.shealth,2018-05-03 12:50:18.477,2018-05-02 04:00:57.226,00759cdb-6abe-4382-b230-acad39a90523,1651.6406,539.96924,1525219200000,jQfnryI8/B
247,0.0,8989538,com.sec.android.app.shealth,2018-07-29 14:12:18.284,2018-07-25 04:01:55.740,8934d6c6-22c1-47cc-9455-1f5f98d6f448,1630.2518,683.24005,1532476800000,jQfnryI8/B
248,0.0,6301669,com.sec.android.app.shealth,2019-01-01 19:04:44.661,2018-12-13 05:00:40.077,6263ef1a-b1c2-452f-b56a-a1db8a8e7706,1681.595,484.48004000000003,1544659200000,jQfnryI8/B
249,0.0,5802623,com.sec.android.app.shealth,2019-01-22 23:06:27.388,2019-01-21 05:00:01.950,93e56498-99c2-4e13-a1fc-155f45e68e1f,1692.0720000000001,423.77994,1548028800000,jQfnryI8/B
250,0.0,919126,com.sec.android.app.shealth,2018-09-25 20:39:26.430,2018-09-24 04:04:36.976,5fc675dc-dd66-4aa8-b6d4-edadae20bde1,1800.2134,58.93999,1537747200000,jQfnryI8/B
251,0.0,5819945,com.sec.android.app.shealth,2018-12-03 14:35:54.335,2018-12-02 05:00:01.250,f2f2f931-9a0d-43f6-98ce-84001eedf6ae,1697.003,545.9486,1543708800000,jQfnryI8/B
252,0.0,5694156,com.sec.android.app.shealth,2018-01-01 20:37:32.671,2017-12-13 05:00:37.051,032eb649-f729-4b28-bb45-d8379bc3d502,1699.652,418.55002,1513123200000,jQfnryI8/B
253,0.0,18123344,com.sec.android.app.shealth,2018-08-22 17:17:57.354,2018-08-20 22:32:24.268,f0448f79-544e-4f21-be95-75b69bfcea90,1437.8954,1206.0155,1534809600000,jQfnryI8/B
254,0.0,9371282,com.sec.android.app.shealth,2018-04-23 11:38:29.925,2018-04-19 04:00:01.097,f35266e3-e4a6-4631-a087-e698718f7083,1622.2124,688.45105,1524096000000,jQfnryI8/B
255,0.0,1528734,com.sec.android.app.shealth,2019-02-21 12:54:24.835,2019-02-20 05:00:11.686,8af7dd59-8566-4194-9da2-abe67da39b8e,1781.7987,93.920006,1550620800000,jQfnryI8/B
256,0.0,1253146,com.sec.android.app.shealth,2017-11-26 16:33:23.213,2017-11-26 16:33:23.213,5114bfa9-004e-4eb9-a8ff-01331c08c412,1798.7738,92.95999,1511395200000,jQfnryI8/B
257,0.0,6378126,com.sec.android.app.shealth,2018-11-17 15:49:36.909,2018-11-15 05:00:00.788,5beb6c5c-f84b-41b5-af8f-64c1dff9595a,1685.2478,469.3637,1542240000000,jQfnryI8/B
258,0.0,3458719,com.sec.android.app.shealth,2018-01-01 20:37:33.129,2017-12-17 05:00:00.603,00c75061-52c3-412f-9327-dc5b0f159040,1746.73,248.59177000000003,1513468800000,jQfnryI8/B
259,0.0,9247417,com.sec.android.app.shealth,2018-06-01 15:31:32.741,2018-05-31 04:00:01.003,d3dbe9a9-5f9a-45a7-83dc-902321ea8207,1624.8210000000001,719.27295,1527724800000,jQfnryI8/B
260,0.0,8071500,com.sec.android.app.shealth,2018-04-19 12:30:49.447,2018-04-18 04:00:00.818,290279d1-bd41-466f-94b7-60f60e95ff8c,1649.5854,622.6544,1524009600000,jQfnryI8/B
261,0.0,6733407,com.sec.android.app.shealth,2018-06-02 22:25:28.087,2018-06-01 04:34:23.173,caec053c-5c72-475b-8526-106cc460a7de,1677.7656,471.40643,1527811200000,jQfnryI8/B
262,0.0,4469463,com.sec.android.app.shealth,2018-01-19 00:10:54.434,2018-01-17 07:21:49.192,9b87d28d-c12e-4fe2-aa95-4ea2c9c2ef3f,1725.4438,463.98004000000003,1516147200000,jQfnryI8/B
263,0.0,6676855,com.sec.android.app.shealth,2018-05-17 13:39:54.485,2018-05-16 04:00:00.948,f6c10ef6-2432-457c-bfb0-6684a8223a4b,1678.9565,483.94885,1526428800000,jQfnryI8/B
264,0.0,6381639,com.sec.android.app.shealth,2018-11-22 12:45:08.473,2018-11-21 05:00:00.831,080e55b3-2b74-4c2d-8287-697cac099c57,1685.1738,451.6423,1542758400000,jQfnryI8/B
265,0.0,2430797,com.sec.android.app.shealth,2019-02-16 10:10:56.925,2019-02-15 05:58:01.567,49127d36-1791-4232-ad30-df622bffccc3,1762.8606,153.91998,1550188800000,jQfnryI8/B
266,0.0,4438768,com.sec.android.app.shealth,2018-11-04 13:17:43.031,2018-11-03 04:00:01.094,0a5131c1-e06a-4567-9469-561b2f9f1437,1726.0903,484.45,1541203200000,jQfnryI8/B
267,0.0,7747729,com.sec.android.app.shealth,2019-01-01 19:04:45.872,2018-12-30 05:00:01.088,2fc12767-6dfa-4458-80c1-3d42f216f655,1651.2363,512.6533,1546128000000,jQfnryI8/B
268,0.0,1181924,com.sec.android.app.shealth,2019-01-29 14:59:17.721,2019-01-28 05:00:02.270,405bb103-211b-4a86-95a3-068b52b68199,1789.0797,71.05,1548633600000,jQfnryI8/B
269,0.0,8513212,com.sec.android.app.shealth,2018-01-21 13:07:48.970,2018-01-20 05:27:16.017,d4165661-e02f-43d5-baca-680b8891f5b4,1640.2831,597.5313,1516406400000,jQfnryI8/B
270,0.0,2208317,com.sec.android.app.shealth,2019-01-06 02:41:57.029,2019-01-04 05:00:00.744,112be672-d0fd-4001-b47e-afa41f70b3ed,1767.5314,144.26998999999998,1546560000000,jQfnryI8/B
271,0.0,5256540,com.sec.android.app.shealth,2018-03-25 18:39:10.469,2018-03-24 04:00:20.407,e6e21d18-4834-48b1-b140-c3fd4e5bd6bd,1708.868,351.09893999999997,1521849600000,jQfnryI8/B
272,0.0,6448168,com.sec.android.app.shealth,2018-11-25 16:42:04.689,2018-11-23 05:01:03.290,979aadb1-7cf9-4844-97c4-555689dd96e7,1683.7727,428.27855999999997,1542931200000,jQfnryI8/B
273,0.0,9035275,com.sec.android.app.shealth,2018-05-04 10:45:49.228,2018-05-03 04:00:02.485,218e36d1-ea6b-4637-be6d-00da7e4de9be,1629.2887,638.4019999999999,1525305600000,jQfnryI8/B
274,0.0,7136759,com.sec.android.app.shealth,2018-02-18 11:35:29.052,2018-02-17 05:36:12.723,18e009dc-5f6b-4358-aa43-7d854086e3b5,1669.2711,525.1498,1518825600000,jQfnryI8/B
275,0.0,3654882,com.sec.android.app.shealth,2018-06-13 11:51:41.673,2018-06-12 04:01:23.205,84af4b4e-84bb-423a-90d2-9cc686d9856d,1742.5989,345.92102,1528761600000,jQfnryI8/B
276,0.0,6229959,com.sec.android.app.shealth,2018-08-29 10:20:55.046,2018-08-27 22:00:10.501,9742ada7-f254-4471-b8da-db1a35e13c4f,1688.3682,491.6656,1535414400000,jQfnryI8/B
277,0.0,10349223,com.sec.android.app.shealth,2018-05-12 12:06:52.316,2018-05-11 04:02:32.249,85ead1c7-ffcb-4697-b7c1-518c4196f9e5,1601.6171,802.2518299999999,1525996800000,jQfnryI8/B
278,0.0,2293662,com.sec.android.app.shealth,2017-12-02 05:00:53.651,2017-12-01 05:58:03.402,ffba39a7-30ac-47da-87ac-787ffce487f1,1776.7922,174.55998,1512086400000,jQfnryI8/B
279,0.0,2227766,com.sec.android.app.shealth,2018-01-01 20:37:32.907,2017-12-15 05:00:18.983,be16bb34-6af9-4c51-ac6c-46b07053ced8,1772.6536,151.22,1513296000000,jQfnryI8/B
280,0.0,1642798,com.sec.android.app.shealth,2019-02-06 13:08:32.659,2019-02-05 05:00:51.100,4793db0d-af77-4e92-867f-f3fbab443184,1779.4039,105.71999,1549324800000,jQfnryI8/B
281,0.0,4109743,com.sec.android.app.shealth,2019-01-01 19:04:45.145,2018-12-17 05:00:01.121,c4d02b8c-7f03-4f58-851e-b79f6513bdeb,1727.6127,307.68994,1545004800000,jQfnryI8/B
282,0.0,1702154,com.sec.android.app.shealth,2018-12-01 16:03:36.918,2018-11-30 08:16:21.205,16dd8e0a-f448-42fa-8832-8875020b1d0a,1783.723,108.21001000000001,1543536000000,jQfnryI8/B
283,0.0,4336497,com.sec.android.app.shealth,2017-11-26 16:33:21.940,2017-11-26 16:33:21.940,ed87dad0-d886-499c-98a0-2691168a7605,1733.6362,325.93997,1510099200000,jQfnryI8/B
284,0.0,8390789,com.sec.android.app.shealth,2018-01-01 20:37:35.412,2017-12-31 08:46:12.120,c944c625-eb83-4650-9f8d-294e3503434b,1642.8613,824.68225,1514678400000,jQfnryI8/B
285,0.0,9209389,com.sec.android.app.shealth,2018-09-17 13:34:44.718,2018-09-15 04:02:52.986,eea55c90-0131-436b-be67-cef609540caf,1625.6218,634.75464,1536969600000,jQfnryI8/B
286,0.0,7336410,com.sec.android.app.shealth,2018-02-10 11:10:38.512,2018-02-09 06:42:05.349,af363d3e-9bc6-4813-9be6-1689ecb48fac,1665.0665,614.7488,1518134400000,jQfnryI8/B
287,0.0,2432381,com.sec.android.app.shealth,2018-05-15 22:50:23.759,2018-05-13 04:00:01.137,a9e16ca4-b0be-41b0-bca9-1841d2775cef,1768.3445,153.62997,1526169600000,jQfnryI8/B
288,0.0,4679597,com.sec.android.app.shealth,2018-01-01 20:37:32.779,2017-12-14 05:00:08.600,931447cb-9dfe-4432-b810-9ef5fcb8c1b7,1721.0184,348.17007,1513209600000,jQfnryI8/B
289,0.0,2549602,com.sec.android.app.shealth,2019-01-02 23:19:11.427,2019-01-01 05:00:31.465,04172c2d-5572-449a-8725-8bf288f99f6c,1760.3665,180.15,1546300800000,jQfnryI8/B
290,0.0,1149978,com.sec.android.app.shealth,2018-01-01 20:37:32.157,2017-12-08 06:25:58.153,78f896ea-676a-4dda-8708-0233ab66c9d3,1795.3518,77.37,1512691200000,jQfnryI8/B
291,0.0,6399418,com.sec.android.app.shealth,2018-07-21 15:52:43.362,2018-07-20 04:03:45.957,c9cb4615-e0b7-4fb4-ac3a-2f6f3af06d14,1684.7994,726.6255,1532044800000,jQfnryI8/B
292,0.0,4739873,com.sec.android.app.shealth,2019-02-02 12:29:10.803,2019-02-01 05:00:01.010,7f3ebbf0-6a8f-4ef9-9c8d-d8f54136c039,1714.3837,296.7,1548979200000,jQfnryI8/B
293,0.0,20328450,com.sec.android.app.shealth,2018-05-08 00:18:54.743,2018-05-06 04:20:43.003,d9751c0e-5947-457a-a6fe-27a1e667a0f9,1391.4563,1343.9634,1525564800000,jQfnryI8/B
294,0.0,629154,com.sec.android.app.shealth,2018-01-01 20:37:32.607,2017-12-12 05:00:07.225,68f8a82d-8a20-4ec6-80db-27e51796aa89,1806.3202,58.249995999999996,1513036800000,jQfnryI8/B
295,0.0,0,com.sec.android.app.shealth,2019-01-20 12:01:17.622,2019-01-20 12:01:17.622,54ca1265-1511-4064-9194-50d88381fe09,1813.8932,0.0,1547856000000,jQfnryI8/B
296,0.0,1352719,com.sec.android.app.shealth,2018-11-12 15:15:30.784,2018-11-11 06:16:37.810,cdb08bfe-83e8-471e-8b98-2a9546708ae1,1791.082,87.84899,1541894400000,jQfnryI8/B
297,0.0,8668283,com.sec.android.app.shealth,2018-05-29 14:32:41.714,2018-05-28 04:00:01.189,8656f929-8a3f-40ca-8bdb-1bde03b611ee,1637.0175,588.232,1527465600000,jQfnryI8/B
298,0.0,1378388,com.sec.android.app.shealth,2018-10-20 19:15:30.951,2018-10-18 04:00:00.938,83677db3-090f-423f-9597-65cf4aef5fc6,1790.5415,91.49002,1539820800000,jQfnryI8/B
299,0.0,6201672,com.sec.android.app.shealth,2018-01-10 19:29:23.622,2018-01-09 07:37:14.236,33464a86-ae37-41cd-9b46-8f62aecd8bae,1688.9639,708.7099599999999,1515456000000,jQfnryI8/B
300,0.0,9575007,com.sec.android.app.shealth,2018-03-05 22:55:36.856,2018-03-04 05:45:41.163,d8facded-d8fe-4392-b28a-8e0bc345820c,1617.922,747.6526,1520121600000,jQfnryI8/B
301,0.0,7996944,com.sec.android.app.shealth,2018-02-01 17:47:40.033,2018-01-31 05:00:00.649,65f844e9-ccc7-427c-95a4-90e4d21229ff,1651.1556,571.90515,1517356800000,jQfnryI8/B
302,0.0,4713044,com.sec.android.app.shealth,2018-10-31 12:39:08.050,2018-10-29 04:00:00.811,af6c141f-4462-43d2-b04a-7d950d6c889a,1720.3142,386.045,1540771200000,jQfnryI8/B
303,0.0,8481475,com.sec.android.app.shealth,2018-09-18 21:25:37.852,2018-09-17 04:00:52.536,19708dab-4980-4854-8f1f-4de8ec4ec444,1640.9517,650.31805,1537142400000,jQfnryI8/B
304,0.0,9278574,com.sec.android.app.shealth,2018-05-22 14:54:30.151,2018-05-19 04:00:01.038,072ecead-0b29-4709-a336-433479844321,1624.1647,612.3886,1526688000000,jQfnryI8/B
305,0.0,8823393,com.sec.android.app.shealth,2018-06-18 22:06:00.900,2018-06-17 04:12:10.002,a9bac40c-d050-4383-b5c7-4095d3202041,1633.7509,568.9541,1529193600000,jQfnryI8/B
306,0.0,3755356,com.sec.android.app.shealth,2018-07-06 12:38:33.022,2018-07-04 04:00:00.873,01b3ebbe-bf8a-4449-9d9b-2f2f6c0237ee,1740.4828,318.59002999999996,1530662400000,jQfnryI8/B
307,0.0,5683505,com.sec.android.app.shealth,2017-11-26 16:33:22.467,2017-11-26 16:33:22.467,e3c5d6a6-7de5-4747-a44d-fa82c3fad388,1705.1799,418.52,1510704000000,jQfnryI8/B
308,0.0,15481201,com.sec.android.app.shealth,2018-09-17 13:34:44.005,2018-08-24 22:08:49.373,ac77ae17-202b-4aa0-a0b0-69554d8ba90e,1493.5386,1058.3899,1535155200000,jQfnryI8/B
309,0.0,942471,com.sec.android.app.shealth,2019-02-13 11:26:17.893,2019-02-12 05:00:48.077,057888d9-68fa-43ca-87c4-4397beaa13e9,1794.1068,57.51,1549929600000,jQfnryI8/B
310,0.0,8463627,com.sec.android.app.shealth,2019-02-21 12:54:24.704,2019-02-19 05:00:26.670,1fd0a5d1-86b8-4232-b98e-2d96a0af03e4,1636.2067,644.06384,1550534400000,jQfnryI8/B
311,0.0,4577715,com.sec.android.app.shealth,2018-09-05 13:44:57.527,2018-09-02 04:01:34.459,f541a368-3573-476f-9ed2-e40868bf49c0,1723.1642,543.8133,1535846400000,jQfnryI8/B
312,0.0,6289199,com.sec.android.app.shealth,2018-01-01 20:37:33.312,2017-12-18 06:30:30.253,078f5c0d-aa0f-4227-a0e2-c3d75387c4bd,1687.1205,431.2672,1513555200000,jQfnryI8/B
313,0.0,0,com.sec.android.app.shealth,2019-01-20 12:01:16.957,2019-01-20 12:01:16.957,97f47125-aef2-4607-b93f-d36a3fda8714,1813.8932,0.0,1547078400000,jQfnryI8/B
314,0.0,3040736,com.sec.android.app.shealth,2018-10-20 19:15:31.013,2018-10-19 04:00:00.918,6a5d558c-8d06-4e61-8959-acbb321614a3,1755.5327,355.03997999999996,1539907200000,jQfnryI8/B
315,0.0,6838665,com.sec.android.app.shealth,2018-11-25 16:42:04.811,2018-11-24 11:10:40.810,6046cee9-a371-4cc1-b437-ac4597123708,1675.549,545.8067,1543017600000,jQfnryI8/B
316,0.0,5364513,com.sec.android.app.shealth,2018-01-31 13:14:37.117,2018-01-30 05:00:01.939,7ab6d8f9-1006-4078-87ad-f946664452a3,1706.5944,498.28992,1517270400000,jQfnryI8/B
317,0.0,9049798,com.sec.android.app.shealth,2019-01-01 19:04:44.426,2018-12-11 05:00:00.709,62bba7db-be64-4d00-a01f-6d950216d1ef,1623.9004,687.9309,1544486400000,jQfnryI8/B
318,0.0,3988468,com.sec.android.app.shealth,2018-02-07 13:13:51.103,2018-02-06 05:14:07.071,2ff6acaa-a983-43da-b69a-dfa526fbc96d,1735.5736,408.63,1517875200000,jQfnryI8/B
319,0.0,5151314,com.sec.android.app.shealth,2018-04-26 11:23:33.579,2018-04-25 04:00:00.583,b3b4c4ef-46ff-4428-8edb-3fc26259aa84,1711.0842,368.37006,1524614400000,jQfnryI8/B
320,0.0,8428370,com.sec.android.app.shealth,2018-05-19 23:25:32.982,2018-05-18 04:00:01.070,6d778a76-1934-4228-99be-fb846553b9de,1642.07,640.2431,1526601600000,jQfnryI8/B
321,0.0,0,com.sec.android.app.shealth,2019-01-20 12:01:17.534,2019-01-20 12:01:17.534,02877355-57b2-4b23-8c1b-bf46cc461be1,1813.8932,0.0,1547769600000,jQfnryI8/B
322,0.0,6355926,com.sec.android.app.shealth,2018-05-22 14:54:30.294,2018-05-20 04:00:01.095,c641c2e1-a40d-4a36-b9bf-2ed5fe73070b,1685.7152,443.2699,1526774400000,jQfnryI8/B
323,0.0,9060173,com.sec.android.app.shealth,2018-01-22 13:10:11.366,2018-01-21 06:14:44.343,521968e8-6584-4592-ba06-56e5645b0a87,1628.7642,857.3794,1516492800000,jQfnryI8/B
324,0.0,8103514,com.sec.android.app.shealth,2018-06-16 11:55:40.587,2018-06-15 04:00:01.043,32e4b417-1fa3-4555-a876-1b07c09cd471,1648.9114,561.0931400000001,1529020800000,jQfnryI8/B
325,0.0,5563654,com.sec.android.app.shealth,2018-11-12 15:15:30.721,2018-11-10 05:00:01.626,9e3c7825-37f0-474a-9393-bf2f92427969,1702.4004,378.90897,1541808000000,jQfnryI8/B
326,0.0,1831461,com.sec.android.app.shealth,2018-03-16 12:51:45.861,2018-03-15 04:00:01.733,aa312c38-b3d9-429d-85c8-283726d09177,1780.9998,127.38,1521072000000,jQfnryI8/B
327,0.0,4734281,com.sec.android.app.shealth,2018-11-20 12:47:44.796,2018-11-17 05:00:17.892,9c1da67f-15c2-4e3e-92e2-5f1aeda65536,1719.8670000000002,378.23404,1542412800000,jQfnryI8/B
328,0.0,2651251,com.sec.android.app.shealth,2018-07-03 11:56:42.224,2018-07-01 05:03:11.453,b3eb0319-38f6-47b4-9a66-a09a40104423,1763.7352,191.73001000000002,1530403200000,jQfnryI8/B
329,0.0,2213773,com.sec.android.app.shealth,2018-10-09 20:36:49.238,2018-10-08 04:00:03.914,55b1b3bc-7563-4d0c-a178-54bb5c7b4b5f,1772.9484,140.18999,1538956800000,jQfnryI8/B
330,0.0,7464457,com.sec.android.app.shealth,2018-04-02 13:40:57.829,2018-04-01 04:09:34.442,5227ff40-2825-4aa7-80ce-9cf36fb31fde,1662.3698,475.15692,1522540800000,jQfnryI8/B
331,0.0,2446332,com.sec.android.app.shealth,2018-09-06 14:16:27.681,2018-09-05 04:00:59.525,d8e071a3-6b1e-444a-bcbd-e4b2c974913f,1768.0507,159.23001000000002,1536105600000,jQfnryI8/B
332,0.0,4376498,com.sec.android.app.shealth,2019-03-12 01:25:29.265,2019-03-10 05:47:51.566,8c342237-7cd6-4556-b482-b79f0e3fc637,1722.0125,291.28104,1552176000000,jQfnryI8/B
333,0.0,12548300,com.sec.android.app.shealth,2018-05-23 12:07:22.097,2018-05-22 04:01:18.173,516eeee1-f215-4a7e-9823-e8eeaba33c89,1555.3048,956.7181,1526947200000,jQfnryI8/B
334,0.0,7086061,com.sec.android.app.shealth,2018-01-01 20:37:35.210,2017-12-29 19:41:23.536,cb5c833e-c643-47ea-a5ab-18a88058fed7,1670.3387,549.5931400000001,1514505600000,jQfnryI8/B
335,0.0,4431102,com.sec.android.app.shealth,2018-09-17 13:46:50.040,2018-09-16 04:01:23.616,e39a0831-c235-4fe5-8dd7-4122c8201269,1726.2517,571.5626,1537056000000,jQfnryI8/B
336,0.0,2919804,com.sec.android.app.shealth,2018-08-01 15:37:39.981,2018-07-31 04:00:01.700,34bfd3a0-1ad4-428f-8650-eb0de74a0bd3,1758.0795,281.89,1532995200000,jQfnryI8/B
337,0.0,0,com.sec.android.app.shealth,2019-01-20 12:01:17.445,2019-01-20 12:01:17.445,0a9b9439-7e7a-425c-8008-2dc9d7d890ca,1813.8932,0.0,1547683200000,jQfnryI8/B
338,0.0,561079,com.sec.android.app.shealth,2017-11-26 16:33:21.342,2017-11-26 16:33:21.342,10804692-7c02-4913-b5e8-957bcf7f6d04,1813.3939,36.739998,1509667200000,jQfnryI8/B
339,0.0,0,com.sec.android.app.shealth,2017-11-26 16:33:22.247,2017-11-26 16:33:22.247,fd86cc88-9fae-4697-83a9-4f71d8710746,1825.2471,0.0,1510444800000,jQfnryI8/B
340,0.0,389333,com.sec.android.app.shealth,2017-11-26 16:33:22.370,2017-11-26 16:33:22.370,05a3f84d-ccd5-4527-bfc0-72b5357870dc,1817.0221,29.89,1510617600000,jQfnryI8/B
341,0.0,5362629,com.sec.android.app.shealth,2018-11-17 15:49:37.032,2018-11-16 05:03:09.239,0ac0f2ac-8321-4968-b87c-b3c24b7f15c4,1706.6339,563.339,1542326400000,jQfnryI8/B
342,0.0,6987337,com.sec.android.app.shealth,2018-06-24 14:09:15.491,2018-06-23 04:00:01.505,961d948b-ba77-4bc9-8440-e96e526f9503,1672.4178,610.9801,1529712000000,jQfnryI8/B
343,0.0,6454060,com.sec.android.app.shealth,2018-10-12 22:22:35.123,2018-10-10 04:26:57.649,52bb3875-34c7-40db-a691-1f4c8af974be,1683.6486,454.80258,1539129600000,jQfnryI8/B
344,0.0,6410846,com.sec.android.app.shealth,2018-08-22 17:17:57.165,2018-08-20 05:16:50.790,86516ab9-636a-4090-baa5-52874fc5ed31,1684.5587,427.14993,1534723200000,jQfnryI8/B
345,0.0,6725845,com.sec.android.app.shealth,2018-09-14 16:11:08.954,2018-09-12 04:00:34.299,3a422f49-c25e-4342-9d63-269d6088d9c6,1677.9248,455.85092000000003,1536710400000,jQfnryI8/B
346,0.0,6442254,com.sec.android.app.shealth,2019-01-01 19:04:45.770,2018-12-28 05:02:14.703,48f653c1-a8e2-44c8-b376-05424dace991,1678.6436,436.46567000000005,1545955200000,jQfnryI8/B
347,0.0,7175055,com.sec.android.app.shealth,2018-05-24 19:39:58.688,2018-05-23 04:00:01.850,fe3910bb-af35-4ff6-9a60-de6c4e722ffb,1668.4645,510.6095,1527033600000,jQfnryI8/B
348,0.0,6349109,com.sec.android.app.shealth,2018-01-17 19:02:01.213,2018-01-16 05:00:07.010,53862637-cbe2-4398-be34-2ef4c3148a6d,1685.8588,468.80832000000004,1516060800000,jQfnryI8/B
349,0.0,1190612,com.sec.android.app.shealth,2017-12-01 05:58:03.968,2017-11-30 05:57:24.132,f4bb4ed0-5eca-4eff-b47b-729d77ca2321,1800.0948,95.9,1512000000000,jQfnryI8/B
350,0.0,6896943,com.sec.android.app.shealth,2019-02-04 12:24:47.312,2019-02-03 05:00:01.963,c1bb099b-504c-4725-9402-64ffce3764ce,1669.0978,504.79767000000004,1549152000000,jQfnryI8/B
351,0.0,12064020,com.sec.android.app.shealth,2018-07-01 11:40:20.096,2018-06-29 04:01:07.043,2fe60a5b-bc1c-4f31-9a2b-9686db9b635f,1565.5038,878.95776,1530230400000,jQfnryI8/B
352,0.0,8161670,com.sec.android.app.shealth,2019-03-06 14:09:10.625,2019-03-04 05:00:00.627,cfe8b205-a969-49b0-b487-4c5cf1b654b0,1642.5459,656.9910000000001,1551657600000,jQfnryI8/B
353,0.0,8158729,com.sec.android.app.shealth,2018-10-17 13:11:23.795,2018-10-16 04:03:50.302,e38c1068-21e8-4860-bc2c-115ddcbff2b6,1647.7487,625.5529,1539648000000,jQfnryI8/B
354,0.0,3987743,com.sec.android.app.shealth,2019-01-01 19:04:45.915,2018-12-31 05:00:00.742,0c509d22-fca0-4472-a7f0-15f3bacd05fd,1730.174,334.02103,1546214400000,jQfnryI8/B
355,0.0,7675587,com.sec.android.app.shealth,2017-12-29 20:11:20.311,2017-12-04 05:02:36.708,917a11a6-74bb-4afb-b7dc-8d300689af9e,1663.0962,565.1501,1512345600000,jQfnryI8/B
356,0.0,6597329,com.sec.android.app.shealth,2018-11-28 12:37:28.885,2018-11-27 11:02:59.619,fa2553fc-9168-4aad-a59a-bb845348c1f2,1680.6315,496.74475,1543276800000,jQfnryI8/B
357,0.0,2954407,com.sec.android.app.shealth,2019-01-24 13:02:08.557,2019-01-23 05:00:00.968,24c35283-826c-4db7-a20c-cdb09d5108f1,1751.8679,232.40997000000002,1548201600000,jQfnryI8/B
358,0.0,4906662,com.sec.android.app.shealth,2018-05-10 11:33:45.738,2018-05-09 04:00:00.727,b8d1249b-3a9a-4882-bbfa-dfd32423c7ec,1716.2365,446.71002000000004,1525824000000,jQfnryI8/B
359,0.0,7818272,com.sec.android.app.shealth,2018-05-15 22:50:23.634,2018-05-12 12:05:51.218,7f8a96d7-ea41-4344-989b-23d822ec333e,1654.9185,509.33102,1526083200000,jQfnryI8/B
360,0.0,7611281,com.sec.android.app.shealth,2018-06-20 12:37:49.060,2018-06-19 04:00:00.648,102cb2c1-a211-4769-8560-e5896735bdb0,1659.2777,553.90234,1529366400000,jQfnryI8/B
361,0.0,6739864,com.sec.android.app.shealth,2018-09-11 21:22:55.223,2018-09-09 04:00:06.708,d5762076-1f2b-4ae1-bfa5-c27d83e6ef66,1677.6296,473.0015,1536451200000,jQfnryI8/B
362,0.0,4021636,com.sec.android.app.shealth,2018-08-19 04:27:20.277,2018-08-18 04:01:01.995,532fd557-b9f4-4e8d-ba0e-f989da747cec,1734.8752,269.07004,1534550400000,jQfnryI8/B
363,0.0,5827223,com.sec.android.app.shealth,2018-07-15 17:24:02.019,2018-07-12 04:00:00.791,80efd641-9f21-411f-82e0-194e7bc64b78,1696.8496,382.30182,1531353600000,jQfnryI8/B
364,0.0,9436956,com.sec.android.app.shealth,2019-01-01 19:04:45.354,2018-12-20 05:00:01.257,ce952f6f-cf69-4c59-977e-77bccd66e284,1615.7723,746.1703,1545264000000,jQfnryI8/B
365,0.0,1505412,com.sec.android.app.shealth,2017-12-29 20:11:20.247,2017-12-03 05:01:01.676,7f90b859-6de2-421d-a794-bbec8ead7858,1793.4446,102.39001,1512259200000,jQfnryI8/B
366,0.0,8962835,com.sec.android.app.shealth,2018-07-11 11:07:58.303,2018-07-10 04:00:00.757,849c3e23-c35e-4295-b017-7607e4eca141,1630.8143,697.37964,1531180800000,jQfnryI8/B
367,0.0,1510575,com.sec.android.app.shealth,2019-01-01 19:04:45.389,2018-12-21 06:35:55.469,27bf4453-9673-4a81-9521-c93c1a5ca61e,1782.1799,119.95,1545350400000,jQfnryI8/B
368,0.0,5254693,com.sec.android.app.shealth,2018-10-24 14:07:24.175,2018-10-20 04:00:00.776,1c0c490a-34b2-4e1d-b00f-6425bd6303bb,1708.9071,406.8913,1539993600000,jQfnryI8/B
369,0.0,8170983,com.sec.android.app.shealth,2018-04-28 13:14:31.278,2018-04-26 04:00:14.173,bd9d08b2-a5d1-4308-9f8f-cb52ae890f9a,1647.4905,563.7106,1524700800000,jQfnryI8/B
370,0.0,3708411,com.sec.android.app.shealth,2018-01-01 20:37:33.023,2017-12-16 05:00:58.669,fdd751ef-86e8-43f2-98ec-3828810ac654,1741.4717,234.93,1513382400000,jQfnryI8/B
371,0.0,10331097,com.sec.android.app.shealth,2018-07-16 15:01:27.413,2018-07-15 04:00:00.885,7c791a23-4ca6-4d1b-b377-17d519794afa,1601.9988,1061.7324,1531612800000,jQfnryI8/B
372,0.0,5343051,com.sec.android.app.shealth,2018-10-27 18:16:08.247,2018-10-26 07:49:13.608,c024baae-4e99-4f16-9d5c-a310e2173ab0,1707.0464,433.43892999999997,1540512000000,jQfnryI8/B
373,0.0,10145418,com.sec.android.app.shealth,2018-05-31 18:24:07.094,2018-05-30 13:23:32.909,2dddbfed-b592-41f8-87e9-f73620999abb,1605.9093,771.54614,1527638400000,jQfnryI8/B
374,0.0,3331401,com.sec.android.app.shealth,2018-05-30 12:16:56.057,2018-05-29 05:30:37.129,6d577b71-092e-484f-8e1c-147cde86aa03,1749.4113,350.34997999999996,1527552000000,jQfnryI8/B
375,0.0,3208456,com.sec.android.app.shealth,2017-11-26 16:33:22.876,2017-11-26 16:33:22.876,27785462-d098-4963-b866-9471cddfa3b6,1757.4667,226.98,1511049600000,jQfnryI8/B
376,0.0,6537770,com.sec.android.app.shealth,2018-06-11 11:03:04.955,2018-06-09 04:00:01.012,d272569a-7ed2-4816-aec9-8eb61a7983d7,1681.8857,446.92615,1528502400000,jQfnryI8/B
377,0.0,3070001,com.sec.android.app.shealth,2019-02-19 23:10:16.699,2019-02-17 05:00:01.980,25112b72-9dc3-4eb9-98b8-e0d778ad4f9f,1749.4412,196.12003,1550361600000,jQfnryI8/B
378,0.0,1933717,com.sec.android.app.shealth,2017-11-26 16:33:22.190,2017-11-26 16:33:22.190,0ef462b3-cae5-473b-b472-950dc3f7ff34,1784.3962,128.87001,1510358400000,jQfnryI8/B
379,0.0,10172608,com.sec.android.app.shealth,2018-04-19 00:16:51.691,2018-04-17 04:00:01.065,920b0510-6363-477f-a5d8-bd23a86d76c4,1605.3365,743.9716,1523923200000,jQfnryI8/B
380,0.0,4961469,com.sec.android.app.shealth,2017-11-26 16:33:22.727,2017-11-26 16:33:22.727,6aab8bb5-5e38-4834-8c8a-29b248bd661a,1720.4333,341.33,1510963200000,jQfnryI8/B
381,0.0,8139908,com.sec.android.app.shealth,2018-07-04 15:08:24.486,2018-07-03 04:00:00.871,0cd7faba-6cf7-4d2f-a880-a2c9be80b68e,1648.1449,607.22705,1530576000000,jQfnryI8/B
382,0.0,4320453,com.sec.android.app.shealth,2019-01-01 19:04:44.550,2018-12-12 05:00:02.290,97a1796c-968d-443c-9780-b162208f2174,1723.1889999999999,358.89185,1544572800000,jQfnryI8/B
383,0.0,4179074,com.sec.android.app.shealth,2019-03-18 13:54:57.656,2019-03-16 04:30:28.447,b0660c7c-e615-40e6-a186-9ec081d68e40,1726.1571,273.71997000000005,1552694400000,jQfnryI8/B
384,0.0,3041287,com.sec.android.app.shealth,2018-05-22 14:54:30.398,2018-05-21 04:00:44.868,4061a785-8a2c-4798-bfe9-ebd684f0617a,1755.521,204.61298,1526860800000,jQfnryI8/B
385,0.0,5346928,com.sec.android.app.shealth,2018-04-07 15:27:58.634,2018-04-06 04:00:01.330,302d8871-4959-4f10-befe-a8267a2de003,1706.9647,520.23,1522972800000,jQfnryI8/B
386,0.0,6912434,com.sec.android.app.shealth,2018-01-28 12:26:30.579,2018-01-27 05:00:00.789,f29a886c-052a-4089-b6ef-cf7a17da113b,1673.9954,615.45105,1517011200000,jQfnryI8/B
387,0.0,5523542,com.sec.android.app.shealth,2018-08-05 16:48:54.983,2018-08-04 04:24:02.141,66f359db-9987-4182-913c-cf5aeb56afc9,1703.2451,400.0899,1533340800000,jQfnryI8/B
388,0.0,3429550,com.sec.android.app.shealth,2018-03-27 12:47:36.439,2018-03-26 04:01:08.178,ec6d2313-c7fc-4235-bf94-c515aa333a34,1747.3442,233.69875,1522022400000,jQfnryI8/B
389,0.0,4562326,com.sec.android.app.shealth,2018-03-19 11:06:18.376,2018-03-18 04:00:00.604,e5e3f81f-055e-426c-988a-d7b1cd3a40a2,1723.4882,294.5282,1521331200000,jQfnryI8/B
390,0.0,5837306,com.sec.android.app.shealth,2018-05-02 18:48:30.967,2018-05-01 04:00:00.514,1e8bfd25-c140-4531-b1c9-8e0714623433,1696.6373,567.3168,1525132800000,jQfnryI8/B
391,0.0,8759312,com.sec.android.app.shealth,2018-04-18 11:10:07.854,2018-04-14 04:00:00.812,e675ba09-d0f9-4d81-930f-ebe8d1003eba,1635.1003,672.1843,1523664000000,jQfnryI8/B
392,0.0,7466162,com.sec.android.app.shealth,2019-01-06 23:53:45.658,2019-01-05 05:00:00.887,794b98b4-9471-4178-a0b2-ec04798bb1f5,1657.1476,532.9181,1546646400000,jQfnryI8/B
393,0.0,0,com.sec.android.app.shealth,2019-01-20 12:01:17.239,2019-01-20 12:01:17.239,c794e3b1-20df-4a17-b6fe-b280efd5ca3c,1813.8932,0.0,1547424000000,jQfnryI8/B
394,0.0,10235984,com.sec.android.app.shealth,2019-01-29 14:59:16.901,2019-01-27 05:01:32.086,521f7edf-3e9b-431a-b577-4b3e28df2dd3,1598.9976,1188.8174,1548547200000,jQfnryI8/B
395,0.0,4971757,com.sec.android.app.shealth,2018-03-19 11:06:18.304,2018-03-17 04:00:01.880,8b5d0e38-3a57-481c-ac38-da99248e26ca,1714.8656,332.33997,1521244800000,jQfnryI8/B
396,0.0,2097504,com.sec.android.app.shealth,2019-01-01 19:04:45.654,2018-12-25 05:00:00.827,a61f6150-5435-4402-986c-506eddad18a9,1769.8579,137.53,1545696000000,jQfnryI8/B
397,0.0,7326882,com.sec.android.app.shealth,2018-04-05 11:18:35.696,2018-04-04 04:00:00.762,9dc9bd67-08b5-48a5-8761-12ed3d0609bd,1665.2672,538.2445,1522800000000,jQfnryI8/B
398,0.0,5823294,com.sec.android.app.shealth,2018-10-31 12:39:08.104,2018-10-30 04:00:01.543,bc8410d6-9901-4089-9d5f-c2baaad4d56d,1696.9324,426.8808,1540857600000,jQfnryI8/B
399,0.0,9189578,com.sec.android.app.shealth,2018-01-01 20:37:34.240,2017-12-24 08:26:30.097,ea3dd3a9-58ba-40a7-938d-0561068395a7,1626.0391,922.1236,1514073600000,jQfnryI8/B
400,0.0,3940721,com.sec.android.app.shealth,2017-11-28 06:32:05.518,2017-11-27 07:31:20.796,78248a9b-1d62-4ee4-9e5e-31005712e749,1741.9972,300.58002,1511740800000,jQfnryI8/B
401,0.0,9015268,com.sec.android.app.shealth,2018-04-17 11:28:19.662,2018-04-16 04:00:00.775,eae5ff75-8433-4a61-91a6-eafedf2c87b8,1629.7101,606.4372,1523836800000,jQfnryI8/B
402,0.0,9234044,com.sec.android.app.shealth,2018-03-08 13:39:54.252,2018-03-07 06:30:36.309,bd816b12-b260-45f4-8d0b-e5157f899612,1625.1025,747.70294,1520380800000,jQfnryI8/B
403,0.0,6077429,com.sec.android.app.shealth,2018-04-11 19:59:11.225,2018-04-10 04:00:22.239,4c2a7321-4e83-4b08-84fa-45727e394366,1691.5803,440.03864000000004,1523318400000,jQfnryI8/B
404,0.0,5658261,com.sec.android.app.shealth,2018-06-04 12:04:26.943,2018-06-03 14:37:02.158,137b11aa-5840-4311-9ae6-b13d1adaf2d9,1700.408,370.57482999999996,1527984000000,jQfnryI8/B
405,0.0,1055159,com.sec.android.app.shealth,2017-11-26 16:33:21.839,2017-11-26 16:33:21.839,8de43f19-c2af-47f4-8e52-a5133f798146,1802.9562,71.13000500000001,1510012800000,jQfnryI8/B
406,0.0,7307956,com.sec.android.app.shealth,2018-03-13 10:21:10.309,2018-03-12 04:01:01.220,5f8be963-49d4-48ca-8271-29b2b7631eec,1665.6658,499.02837999999997,1520812800000,jQfnryI8/B
407,0.0,4386422,com.sec.android.app.shealth,2019-01-09 12:55:50.297,2019-01-06 05:00:00.741,0f192883-2dfb-4c6b-bf82-e3f07ea338a0,1721.8039999999999,335.57996,1546732800000,jQfnryI8/B
408,0.0,8961158,com.sec.android.app.shealth,2018-04-06 15:14:35.380,2018-04-05 04:00:00.737,8a7391fd-a9bc-46cb-9e78-27d2f35ea733,1630.8495,611.8067599999999,1522886400000,jQfnryI8/B
409,0.0,6131249,com.sec.android.app.shealth,2017-12-29 20:11:20.211,2017-12-02 05:00:53.186,ce315efb-acad-4e83-babb-052b0a76773b,1695.7212,426.63998,1512172800000,jQfnryI8/B
410,0.0,7281501,com.sec.android.app.shealth,2018-10-01 11:23:04.777,2018-09-30 04:05:00.086,43d7a3d8-f4e5-475b-81a8-065d9bb1ebc9,1666.2228,471.7999,1538265600000,jQfnryI8/B
411,0.0,4286803,com.sec.android.app.shealth,2018-08-17 21:17:51.469,2018-08-15 04:00:29.432,8739509a-f51e-4757-bb4a-f3745b6c0a41,1729.2908,282.72995,1534291200000,jQfnryI8/B
412,0.0,3277136,com.sec.android.app.shealth,2018-02-12 13:04:46.165,2018-02-10 05:55:53.530,8df88470-9664-469e-a092-b54a8d6f3a40,1750.5541,342.76996,1518220800000,jQfnryI8/B
413,0.0,4034666,com.sec.android.app.shealth,2019-01-06 02:41:56.947,2019-01-03 05:00:00.750,3edcf8fe-d3f1-47b4-b2c0-802d8e5e8f6c,1729.1888,875.98,1546473600000,jQfnryI8/B
414,0.0,1435590,com.sec.android.app.shealth,2018-11-12 15:15:30.635,2018-11-09 07:28:55.268,5ce58e26-e751-4ec6-bc9c-c059d50b6f2c,1789.3368,93.71099,1541721600000,jQfnryI8/B
415,0.0,10849585,com.sec.android.app.shealth,2018-10-14 17:26:38.335,2018-10-12 04:00:01.079,4592d98d-d7f9-4302-a645-2d336435c742,1591.0796,844.9782,1539302400000,jQfnryI8/B
416,0.0,8233218,com.sec.android.app.shealth,2018-03-22 11:57:39.420,2018-03-21 04:00:01.839,69ef91d7-5ae3-43f9-aee8-aa4fd997cf44,1646.1798,553.6224,1521590400000,jQfnryI8/B
417,0.0,5497736,com.sec.android.app.shealth,2018-05-25 12:34:14.260,2018-05-24 04:00:01.617,577d1c4a-3bb5-46fa-9a5e-1439e5bbfb01,1703.7887,517.20166,1527120000000,jQfnryI8/B
418,0.0,6552595,com.sec.android.app.shealth,2018-06-11 11:03:05.076,2018-06-10 04:01:13.061,6862f88e-51eb-40d6-881e-6e77cf804832,1681.5736,417.91222999999997,1528588800000,jQfnryI8/B
419,0.0,9861628,com.sec.android.app.shealth,2018-02-06 10:39:50.470,2018-02-05 05:20:56.231,d19f07ad-a09b-47d7-8d12-00f1bbaf524a,1611.8857,782.5296599999999,1517788800000,jQfnryI8/B
420,0.0,4667112,com.sec.android.app.shealth,2018-10-27 18:16:08.196,2018-10-25 04:00:01.613,febb93b5-1abf-4942-8e9e-92ab495319a5,1721.2815,513.9599599999999,1540425600000,jQfnryI8/B
421,0.0,8017726,com.sec.android.app.shealth,2018-10-11 00:19:26.386,2018-10-09 04:00:04.922,3ad50f8b-c235-4f32-8e93-490edb4b55db,1650.7179999999998,738.5373,1539043200000,jQfnryI8/B
422,0.0,7161592,com.sec.android.app.shealth,2018-03-04 11:45:25.925,2018-03-03 05:54:00.765,e7ec5573-1fad-40a5-8a15-8f9f1a47503e,1668.7482,462.35645,1520035200000,jQfnryI8/B
423,0.0,9269250,com.sec.android.app.shealth,2018-07-23 15:05:15.469,2018-07-21 04:00:01.235,5290c9c5-c1ea-4b55-a99b-bb8a48e0c85b,1624.3612,1363.5321,1532131200000,jQfnryI8/B
424,0.0,2419003,com.sec.android.app.shealth,2018-03-23 11:01:15.161,2018-03-22 04:00:01.044,c120448b-006e-4dd6-9009-09e98a465880,1768.6263,157.29092,1521676800000,jQfnryI8/B
425,0.0,4265634,com.sec.android.app.shealth,2018-02-12 13:03:04.465,2018-02-11 05:00:12.418,4b90f3bd-69fe-4e68-ad6e-cd32cf0a6fdf,1729.7365,298.30994,1518307200000,jQfnryI8/B
426,0.0,8207768,com.sec.android.app.shealth,2018-09-21 23:52:45.696,2018-09-19 04:39:21.564,e4222f8e-6715-45a2-a134-d72f343ddca8,1646.7158,653.1990000000001,1537315200000,jQfnryI8/B
427,0.0,7991269,com.sec.android.app.shealth,2018-08-07 22:40:31.834,2018-08-05 04:00:01.047,44086913-ba63-4a81-99cf-7467201a9ebb,1651.2751,721.7058,1533427200000,jQfnryI8/B
428,0.0,4497309,com.sec.android.app.shealth,2018-04-30 11:44:27.451,2018-04-29 04:00:01.099,df8a37a6-99c6-4382-bfd9-7f86da978a9e,1724.8574,427.699,1524960000000,jQfnryI8/B
429,0.0,7869969,com.sec.android.app.shealth,2018-04-28 13:14:31.431,2018-04-27 04:00:31.498,2f6fa2dd-bfbd-4985-8fa3-04234d4ceba0,1653.8298,527.3702,1524787200000,jQfnryI8/B
430,0.0,7100741,com.sec.android.app.shealth,2018-03-15 17:57:01.392,2018-03-14 04:00:00.958,4ea76a33-c0d1-4542-a8e3-1939a6900586,1670.0295,512.6686,1520985600000,jQfnryI8/B
431,0.0,1034691,com.sec.android.app.shealth,2017-11-26 06:07:58.877,2017-11-26 02:09:07.320,1c480547-292d-4965-9f81-77b3abdea35a,1803.3888,70.04,1511568000000,jQfnryI8/B
432,0.0,1915114,com.sec.android.app.shealth,2017-11-26 16:33:21.441,2017-11-26 16:33:21.441,ad8d42cf-645d-4f60-9031-51b308baefcd,1784.7893,135.71,1509753600000,jQfnryI8/B
433,0.0,10772499,com.sec.android.app.shealth,2018-03-27 12:47:36.380,2018-03-25 04:15:45.017,a7785118-117e-4c06-85fa-489b127d4194,1592.7031,702.82336,1521936000000,jQfnryI8/B
434,0.0,8838634,com.sec.android.app.shealth,2018-10-05 21:51:06.925,2018-10-03 04:01:47.996,245f8619-6841-4eaa-9b27-78d15c00dbf3,1633.4299,709.8347,1538524800000,jQfnryI8/B
435,0.0,7184213,com.sec.android.app.shealth,2018-01-14 13:29:24.244,2018-01-13 06:19:16.448,12a707e6-038d-46f4-b033-d4fec5f78af6,1668.2717,568.8053,1515801600000,jQfnryI8/B
436,0.0,1075780,com.sec.android.app.shealth,2017-11-27 07:31:21.334,2017-11-26 06:07:58.623,4b50d664-e386-44f7-bd52-35e7385b276c,1802.5208,69.04001600000001,1511654400000,jQfnryI8/B
437,0.0,4981396,com.sec.android.app.shealth,2018-08-15 20:32:55.614,2018-08-14 04:23:51.614,44433e27-e733-4ff3-9364-bd060d9cf2a3,1714.6628,363.28827,1534204800000,jQfnryI8/B
438,0.0,10934907,com.sec.android.app.shealth,2018-01-25 12:18:09.562,2018-01-24 05:00:00.764,461b9cdf-4565-401e-bc92-1a731d222eb5,1589.2827,748.7427,1516752000000,jQfnryI8/B
439,0.0,4177879,com.sec.android.app.shealth,2018-01-01 20:37:33.427,2017-12-19 05:53:59.735,06721a96-7ce8-4ba2-a8cc-ffbdb553e954,1731.5846,318.1999,1513641600000,jQfnryI8/B
440,0.0,2684829,com.sec.android.app.shealth,2018-12-06 13:26:00.869,2018-12-04 05:01:17.865,06079eb6-71b4-40ff-af88-93666dbfc31f,1763.0279999999998,184.18004,1543881600000,jQfnryI8/B
441,0.0,10565284,com.sec.android.app.shealth,2018-09-05 13:44:57.671,2018-09-04 04:01:00.202,d1979162-fd0f-4bf9-b09b-5b6e6af30155,1597.067,819.44995,1536019200000,jQfnryI8/B
442,0.0,9128330,com.sec.android.app.shealth,2018-02-17 11:36:07.081,2018-02-16 06:38:09.177,625e3250-280c-40a6-b86e-0630f4ff40ad,1627.329,616.3198,1518739200000,jQfnryI8/B
443,0.0,3281902,com.sec.android.app.shealth,2019-01-01 19:04:43.841,2018-12-05 05:00:01.402,b8bf2581-21ea-4dfb-a17b-5804e016b1be,1744.9924,253.01001000000002,1543968000000,jQfnryI8/B
444,0.0,5488065,com.sec.android.app.shealth,2018-12-04 14:35:06.283,2018-12-03 05:18:19.319,47726bd6-aca3-4abf-addd-1ae8bd221746,1703.9923,420.13122999999996,1543795200000,jQfnryI8/B
445,0.0,6092093,com.sec.android.app.shealth,2018-04-23 11:38:30.045,2018-04-21 04:00:00.831,ed230a30-dc4f-47a7-98a9-c5eedc722616,1691.2715,499.7701,1524268800000,jQfnryI8/B
446,0.0,4997305,com.sec.android.app.shealth,2018-04-09 11:04:21.620,2018-04-08 04:00:00.917,b7ea05f6-bd16-4c2e-acac-fe03954cc9ad,1714.3276,343.0899,1523145600000,jQfnryI8/B
447,0.0,7764705,com.sec.android.app.shealth,2018-02-14 13:05:15.737,2018-02-13 06:27:31.876,1c782f96-76b4-48dd-ba63-5cdf94567066,1656.0466,539.557,1518480000000,jQfnryI8/B
448,0.0,126730,com.sec.android.app.shealth,2017-11-26 16:33:22.644,2017-11-26 16:33:22.644,2cef4711-04fd-49db-9f0d-28cfaafa4c21,1822.57,8.01,1510876800000,jQfnryI8/B
449,0.0,6382880,com.sec.android.app.shealth,2018-02-27 12:31:51.898,2018-02-26 05:00:00.901,81d42687-8261-4cef-9726-ed9008b7195f,1685.1477,431.23074,1519603200000,jQfnryI8/B
450,0.0,911456,com.sec.android.app.shealth,2017-11-26 16:33:22.125,2017-11-26 16:33:22.125,dda4b774-a14e-431d-a18b-e2df34d2ebd6,1805.9921,62.31001,1510272000000,jQfnryI8/B
451,0.0,5749537,com.sec.android.app.shealth,2018-01-02 21:08:15.503,2018-01-01 08:00:02.326,4c20fecc-7f17-4cb4-9774-6782bcf5ad14,1698.4858,400.73782,1514764800000,jQfnryI8/B
452,0.0,5856925,com.sec.android.app.shealth,2018-07-23 15:05:15.622,2018-07-22 05:22:12.794,a93448bb-1182-4c6c-9d09-9add4e4c4b4a,1696.2241,386.95996,1532217600000,jQfnryI8/B
453,0.0,2809774,com.sec.android.app.shealth,2019-03-10 13:27:42.174,2019-03-09 08:04:46.644,fbbb67ed-303b-40c7-afbf-739bb6fe4848,1754.9043,175.3,1552089600000,jQfnryI8/B
454,0.0,4619836,com.sec.android.app.shealth,2018-01-26 14:02:15.920,2018-01-25 06:48:58.967,ccca3033-0dae-4401-ab53-8f9c87e43e78,1722.277,345.25872999999996,1516838400000,jQfnryI8/B
455,0.0,7600479,com.sec.android.app.shealth,2018-11-07 18:00:22.316,2018-11-05 05:01:15.251,d12ed853-5cb6-4d88-89b7-891f179a85b6,1659.5052,756.4377,1541376000000,jQfnryI8/B
456,0.0,6342734,com.sec.android.app.shealth,2018-11-12 15:15:30.417,2018-11-07 06:28:01.471,af45b033-8e60-4f79-8f49-dd6808282fa9,1685.993,456.88748,1541548800000,jQfnryI8/B
457,0.0,4334119,com.sec.android.app.shealth,2018-01-13 23:43:49.864,2018-01-12 05:00:34.900,828f263e-84ea-4ea0-84a4-817f0c6bcc06,1728.2942,469.68005,1515715200000,jQfnryI8/B
458,0.0,6366675,com.sec.android.app.shealth,2018-08-10 23:54:17.239,2018-08-09 04:00:01.332,92b1ce79-d092-4eb0-998e-c49341e8f4a2,1685.489,452.20455999999996,1533772800000,jQfnryI8/B
459,0.0,2507087,com.sec.android.app.shealth,2019-03-01 12:50:39.380,2019-02-26 05:00:00.919,e60ccc60-8d2c-4dfb-b76f-000881be9f5a,1761.259,182.39,1551139200000,jQfnryI8/B
460,0.0,7585661,com.sec.android.app.shealth,2018-10-12 22:22:35.147,2018-10-11 04:00:00.894,e8ef3cc7-c65a-43e4-824b-d1221e45ca35,1659.8173,626.4911,1539216000000,jQfnryI8/B
461,0.0,4709003,com.sec.android.app.shealth,2018-04-15 11:14:02.574,2018-04-13 04:01:01.615,b0d3199d-a2f9-4d15-aea7-914096b2f3ea,1720.3993,329.92972000000003,1523577600000,jQfnryI8/B
462,0.0,10734657,com.sec.android.app.shealth,2019-03-01 12:50:39.169,2019-02-25 05:00:31.849,ee4761dd-db8e-4dd5-a27e-c4ba26187757,1588.5283,832.17334,1551052800000,jQfnryI8/B
463,0.0,6105844,com.sec.android.app.shealth,2018-01-03 12:39:36.239,2018-01-02 05:01:02.173,0270df7f-0cc2-4321-8744-783f4ab1e8d1,1690.9820000000002,408.871,1514851200000,jQfnryI8/B
464,0.0,6110082,com.sec.android.app.shealth,2018-01-09 13:39:20.202,2018-01-08 05:00:00.960,8997a764-9d4a-441c-8852-e9a4caf1c132,1690.8927,434.09988,1515369600000,jQfnryI8/B
465,0.0,7145476,com.sec.android.app.shealth,2018-04-13 15:51:32.097,2018-04-12 04:01:02.166,a580cfa5-0621-4024-91e7-d2eaa66b1195,1669.0875,555.87463,1523491200000,jQfnryI8/B
466,0.0,8094020,com.sec.android.app.shealth,2018-01-29 13:27:56.421,2018-01-28 05:00:00.611,ebe6fd93-4168-4f18-9f74-66d36ae5f427,1649.1115,592.7473,1517097600000,jQfnryI8/B
467,0.0,7223900,com.sec.android.app.shealth,2018-08-19 04:27:20.221,2018-08-17 12:49:47.718,33da807b-1c4d-41b4-95b9-8f662bff1bfd,1667.4358,510.95917000000003,1534464000000,jQfnryI8/B
468,0.0,6571998,com.sec.android.app.shealth,2018-10-01 11:23:25.651,2018-09-29 04:06:13.303,d52a9665-c245-40a7-8654-fc929206d4f6,1681.1648,577.45294,1538179200000,jQfnryI8/B
469,0.0,11026070,com.sec.android.app.shealth,2019-01-26 13:30:54.463,2019-01-24 05:08:37.450,d622e214-90a8-4fc2-81c1-e94592aad385,1582.4103,841.3827,1548288000000,jQfnryI8/B
470,0.0,7285759,com.sec.android.app.shealth,2018-02-05 11:06:02.434,2018-02-04 05:18:20.162,598e6829-1bff-4695-b0ad-67d65d5da882,1666.1332,587.00305,1517702400000,jQfnryI8/B
471,0.0,9710448,com.sec.android.app.shealth,2018-09-10 00:57:00.646,2018-09-06 04:00:00.823,7ea39999-57d7-442d-b012-641488f82f60,1615.0696,737.0741,1536192000000,jQfnryI8/B
472,0.0,7838718,com.sec.android.app.shealth,2018-01-08 15:15:28.836,2018-01-07 05:00:00.706,a6e3fa02-916a-4fae-b469-1b820c67f5a0,1654.4879,650.6478,1515283200000,jQfnryI8/B
473,0.0,4104634,com.sec.android.app.shealth,2018-03-15 17:57:01.258,2018-03-13 07:22:56.891,ef17a349-2be5-48bf-8390-45e848c3b637,1733.1272,422.85,1520899200000,jQfnryI8/B
474,0.0,5212043,com.sec.android.app.shealth,2018-10-31 12:39:07.996,2018-10-28 04:00:00.950,e3b396c0-9cdd-4bab-8156-a05a221066d1,1709.8054,609.6784,1540684800000,jQfnryI8/B
475,0.0,7055621,com.sec.android.app.shealth,2018-01-05 14:00:37.908,2018-01-04 05:01:00.665,c24612fe-6661-4569-a3c0-62e2f3862cdf,1670.9797,477.1538,1515024000000,jQfnryI8/B
476,0.0,10898891,com.sec.android.app.shealth,2018-02-13 10:56:36.822,2018-02-12 06:37:49.515,5ea9486a-1ede-4e8a-91ed-5813f3521562,1590.0413,829.8639999999999,1518393600000,jQfnryI8/B
477,0.0,14214593,com.sec.android.app.shealth,2018-01-01 20:37:34.544,2017-12-26 08:33:35.027,4ca9f164-ad4e-4d5b-ae58-cabcab222359,1520.213,1056.4489,1514246400000,jQfnryI8/B
478,0.0,5030391,com.sec.android.app.shealth,2017-11-26 16:33:22.976,2017-11-26 16:33:22.976,30d9fe0c-d8d0-461d-9cf8-1a50f24de6a2,1718.9773,373.19,1511136000000,jQfnryI8/B
479,0.0,1698177,com.sec.android.app.shealth,2019-01-01 19:04:44.063,2018-12-07 05:00:00.713,7dd53553-3653-4314-bd0b-328eda2d6955,1778.2415,112.16,1544140800000,jQfnryI8/B
480,0.0,9076964,com.sec.android.app.shealth,2018-03-17 18:41:55.689,2018-03-16 04:00:00.685,3f5ee8ac-47ff-4bbd-9884-f65dd88d8e95,1628.4108,632.4013,1521158400000,jQfnryI8/B
481,0.0,4435925,com.sec.android.app.shealth,2018-09-21 23:52:45.766,2018-09-20 04:59:08.147,865934be-a44e-4038-a32e-14cd3aa32b2c,1726.1501,368.35812000000004,1537401600000,jQfnryI8/B
482,0.0,5024811,com.sec.android.app.shealth,2018-03-02 11:26:00.832,2018-03-01 05:00:32.442,9da4ea93-b666-4e10-998d-8c8e96b4280d,1713.7484,469.35104,1519862400000,jQfnryI8/B
483,0.0,6690837,com.sec.android.app.shealth,2018-07-17 23:27:52.479,2018-07-16 04:00:01.097,80e90b5b-2473-4c6f-914e-aa0a1492ad47,1678.6621,478.00057999999996,1531699200000,jQfnryI8/B
484,0.0,6244467,com.sec.android.app.shealth,2018-11-17 15:49:36.511,2018-11-12 05:00:00.876,3e43a8a3-d81b-4c13-85ea-43edcd84324e,1688.0627,444.88593,1541980800000,jQfnryI8/B
485,0.0,5841312,com.sec.android.app.shealth,2019-01-01 19:04:44.356,2018-12-10 05:00:00.964,5ceac4e8-f0cc-49a8-b5d7-c65b910e4c20,1691.2599,473.62487999999996,1544400000000,jQfnryI8/B
486,0.0,0,com.sec.android.app.shealth,2019-01-20 12:01:17.322,2019-01-20 12:01:17.322,072a4eac-73c0-4168-9e90-7ae29ab37f89,1813.8932,0.0,1547510400000,jQfnryI8/B
487,0.0,2233425,com.sec.android.app.shealth,2018-10-24 14:07:24.212,2018-10-21 04:00:01.712,daec2a6d-6945-4b02-b736-ae69d8352077,1772.5345,146.67004,1540080000000,jQfnryI8/B
488,0.0,3752529,com.sec.android.app.shealth,2018-10-24 14:07:24.449,2018-10-23 04:00:00.712,f8c352da-f69d-4b58-9a59-e2f316d88662,1740.5425,387.19,1540252800000,jQfnryI8/B
489,0.0,3636609,com.sec.android.app.shealth,2018-11-05 14:46:58.330,2018-11-04 04:00:02.294,bc05baf9-7a5e-4916-b320-13e4100d7754,1742.9838,246.64001000000002,1541289600000,jQfnryI8/B
490,0.0,4575815,com.sec.android.app.shealth,2018-02-03 05:00:02.161,2018-02-02 06:15:17.788,d1620d11-5291-4d90-a8e2-3e30e1ac1167,1723.2041,372.39246,1517529600000,jQfnryI8/B
491,0.0,4561335,com.sec.android.app.shealth,2017-11-26 02:09:08.540,2017-11-26 02:09:08.540,271962fb-49c8-43de-8eb5-7b62c48651ec,1728.8864,317.27005,1511481600000,jQfnryI8/B
492,0.0,4507904,com.sec.android.app.shealth,2017-11-26 16:33:22.302,2017-11-26 16:33:22.302,893e80f6-c640-45e8-86df-a4125123fadf,1730.0151,343.7499,1510531200000,jQfnryI8/B
493,0.0,10312608,com.sec.android.app.shealth,2018-01-01 20:37:35.048,2017-12-28 08:11:48.276,2d2a3cbf-b2cc-4d92-84e1-c5cbe32260de,1602.3882,707.4001,1514419200000,jQfnryI8/B
494,0.0,5491071,com.sec.android.app.shealth,2019-03-10 13:27:42.032,2019-03-08 05:00:00.749,1a8214be-3d7a-4966-bc03-c38a37813d7d,1698.6128,787.48,1552003200000,jQfnryI8/B
495,0.0,8866991,com.sec.android.app.shealth,2018-03-30 16:07:37.455,2018-03-28 04:00:29.660,ff8a0899-918b-4f34-9097-7b91c1b1e11e,1632.8326,600.95605,1522195200000,jQfnryI8/B
496,0.0,6812407,com.sec.android.app.shealth,2018-08-04 01:15:50.412,2018-08-01 04:00:01.190,3b039a1b-fdd2-44cf-9343-4897e7c5ba59,1676.1019,483.74707,1533081600000,jQfnryI8/B
497,0.0,5798938,com.sec.android.app.shealth,2018-09-10 00:57:00.711,2018-09-07 05:24:26.718,26659612-6097-452e-ac08-cd7e305c6885,1697.4454,447.18,1536278400000,jQfnryI8/B
498,0.0,10101187,com.sec.android.app.shealth,2018-05-27 22:42:04.346,2018-05-26 04:00:01.103,521b8231-9077-4f39-b258-66c0ca788887,1606.8408,767.2411,1527292800000,jQfnryI8/B
499,0.0,4945858,com.sec.android.app.shealth,2018-07-06 12:38:33.153,2018-07-05 04:00:00.692,baf138fb-bf5e-4701-941e-c61e67c79204,1715.4111,319.9799,1530748800000,jQfnryI8/B
500,0.0,3930233,com.sec.android.app.shealth,2018-10-16 12:31:02.609,2018-10-15 04:00:01.540,87443c67-fdc7-43ce-9f35-505a56969eb3,1736.8,391.90002000000004,1539561600000,jQfnryI8/B
501,0.0,6917655,com.sec.android.app.shealth,2018-05-06 13:34:27.796,2018-05-04 04:00:01.473,4c6eda83-f0e8-46f8-b4a0-a6887662c4ae,1673.8853,445.68102999999996,1525392000000,jQfnryI8/B
502,0.0,7396559,com.sec.android.app.shealth,2018-02-23 00:03:38.245,2018-02-21 05:01:18.506,59042eb7-6456-43af-aeb4-5da1795f1d2d,1663.7998,516.4975,1519171200000,jQfnryI8/B
503,0.0,5235422,com.sec.android.app.shealth,2017-11-26 16:33:21.732,2017-11-26 16:33:21.732,6d176970-a0fb-4d6b-be86-59c938473936,1714.6459,411.83002,1509926400000,jQfnryI8/B
504,0.0,6105521,com.sec.android.app.shealth,2018-08-13 16:27:12.967,2018-08-12 04:00:01.558,7575298b-f3c7-4516-9ba4-9d4689bfad73,1690.9889,729.6278,1534032000000,jQfnryI8/B
505,0.0,14116372,com.sec.android.app.shealth,2018-06-08 19:21:03.753,2018-06-07 04:00:23.996,f1fdc609-d791-44d5-a90b-24e7ea54c266,1522.2816,1088.1471,1528329600000,jQfnryI8/B
506,0.0,9524340,com.sec.android.app.shealth,2018-01-30 13:16:52.420,2018-01-29 05:00:00.800,ca56ee95-1ec9-4f94-94a1-a64f49fe7205,1618.989,712.7086,1517184000000,jQfnryI8/B
507,0.0,2769261,com.sec.android.app.shealth,2018-09-17 13:34:44.214,2018-09-01 04:00:11.074,8d0cf07d-6575-4651-89a3-dd3e0162a200,1761.2499,193.34999,1535760000000,jQfnryI8/B
508,0.0,2186868,com.sec.android.app.shealth,2019-02-16 10:10:56.879,2019-02-14 05:00:02.025,474d136a-919e-4563-b4c0-8b3601e55e68,1767.9818,138.42998,1550102400000,jQfnryI8/B
509,0.0,560510,com.sec.android.app.shealth,2017-11-26 16:33:23.070,2017-11-26 16:33:23.070,ca0534d7-02df-44ac-b07c-c036fe66bd50,1813.4059,45.689995,1511222400000,jQfnryI8/B
510,0.0,8004,com.sec.android.app.shealth,2017-11-26 16:33:21.623,2017-11-26 16:33:21.623,e6fd34f5-3821-41fb-8d28-4ed474ff1f82,1825.0781,0.5,1509840000000,jQfnryI8/B
511,0.0,3785449,com.sec.android.app.shealth,2018-03-07 13:10:19.119,2018-03-06 05:00:00.978,ad190155-a28f-45f9-96b6-967b0f9ea4a6,1739.8491,261.5484,1520294400000,jQfnryI8/B
512,0.0,6470177,com.sec.android.app.shealth,2018-01-16 14:06:20.502,2018-01-15 05:09:36.716,f64301b6-e2f8-4417-8ce4-8b76cf2dc917,1683.3092,518.4015,1515974400000,jQfnryI8/B
513,0.0,2204723,com.sec.android.app.shealth,2018-11-07 18:00:22.497,2018-11-06 07:19:21.869,f30d6dd1-067e-4e22-9ab7-ba0677cd39fc,1773.139,149.14043,1541462400000,jQfnryI8/B
514,0.0,4780532,com.sec.android.app.shealth,2019-04-11 11:26:15.439,2019-04-09 04:00:02.468,51a63137-9230-4db4-9aeb-3bdc6c63c5c0,1713.5302,497.35995,1554768000000,jQfnryI8/B
515,0.0,10113504,com.sec.android.app.shealth,2019-05-10 11:51:24.700,2019-04-15 10:42:19.213,16b8bdf0-687e-4c5e-8ac0-1d82f8bb5320,1601.5688,1626.4368,1555286400000,FN3Qt5ROM0
516,0.0,5981528,com.sec.android.app.shealth,2019-05-10 11:51:27.652,2019-05-02 04:00:00.668,45709ce2-3fa2-4d00-aae6-5ea6a00d7ba0,1688.3162,601.91895,1556755200000,FN3Qt5ROM0
517,0.0,3826272,com.sec.android.app.shealth,2019-05-10 11:51:27.942,2019-05-06 04:33:49.372,b0e9e0af-f201-4663-bca7-19c0ce33d68c,1733.5638,313.03002999999995,1557100800000,FN3Qt5ROM0
518,0.0,7093572,com.sec.android.app.shealth,2019-04-06 21:48:43.683,2019-04-05 04:01:14.921,33a691e3-afb0-4205-b486-7b90b1046014,1664.9698,514.4018,1554422400000,jQfnryI8/B
519,0.0,6117761,com.sec.android.app.shealth,2019-03-25 13:56:18.976,2019-03-23 04:00:02.758,e6eb1e11-5f40-433c-8594-aecfda57af53,1685.4560000000001,490.0982,1553299200000,jQfnryI8/B
520,0.0,7777745,com.sec.android.app.shealth,2019-03-29 11:47:39.142,2019-03-28 04:00:01.195,7c6642e5-2329-4278-b209-11c193b63515,1650.6062,507.95126,1553731200000,jQfnryI8/B
521,0.0,6362447,com.sec.android.app.shealth,2019-04-04 12:04:09.727,2019-04-01 04:00:00.748,e13e715b-cc4e-465d-bdf5-40d024f89319,1680.3191,423.75262000000004,1554076800000,jQfnryI8/B
522,0.0,2639461,com.sec.android.app.shealth,2019-04-01 15:28:19.804,2019-03-30 04:00:00.761,e414e23f-a18c-4fa1-8af3-776c617465b3,1758.4799,170.95,1553904000000,jQfnryI8/B
523,0.0,8248775,com.sec.android.app.shealth,2019-05-10 11:51:24.356,2019-04-13 04:00:28.729,1c7b87c2-3ea4-44f3-94af-91adde5a35ad,1640.7173,712.1899400000001,1555113600000,FN3Qt5ROM0
524,0.0,3429181,com.sec.android.app.shealth,2019-04-04 12:04:09.872,2019-04-03 04:00:00.976,7da565ca-47ef-477f-a1c2-8782d48d94c7,1741.9004,398.36002,1554249600000,jQfnryI8/B
525,0.0,4308165,com.sec.android.app.shealth,2019-04-12 16:05:57.335,2019-04-11 04:00:28.644,cc52290c-94d5-4b79-a4d5-99b12378b5cb,1723.4469,349.41787999999997,1554940800000,jQfnryI8/B
526,0.0,6742384,com.sec.android.app.shealth,2019-05-10 11:51:27.592,2019-05-01 04:00:57.494,0553884a-37ad-42cf-b700-4f5189deca77,1672.3427,522.93097,1556668800000,FN3Qt5ROM0
527,0.0,7878082,com.sec.android.app.shealth,2019-05-10 11:51:26.814,2019-04-25 07:00:02.662,a0cfa997-1d0e-4542-a24a-e795a1a6f894,1648.4996,552.6958,1556150400000,FN3Qt5ROM0
528,0.0,7684275,com.sec.android.app.shealth,2019-03-16 12:30:43.880,2019-03-13 04:01:58.753,d03d79a8-d72e-45e6-9c8f-9b455a2d16d7,1652.5685,1001.9233,1552435200000,jQfnryI8/B
529,0.0,4346259,com.sec.android.app.shealth,2019-03-20 15:21:02.722,2019-03-18 04:00:00.888,9c5c3f41-49c4-4a38-a67f-71f8bd4419da,1722.6472,477.32,1552867200000,jQfnryI8/B
530,0.0,12595514,com.sec.android.app.shealth,2019-04-11 11:26:15.342,2019-04-08 04:00:02.278,f73107d8-ba72-453b-a127-5c62cf33a109,1549.4613,750.301,1554681600000,jQfnryI8/B
531,0.0,6489206,com.sec.android.app.shealth,2019-03-13 13:56:51.206,2019-03-12 04:00:15.844,f4b3d64b-cd94-4b35-ba02-4f8f44f71487,1677.6578,490.78354,1552348800000,jQfnryI8/B
532,0.0,5915927,com.sec.android.app.shealth,2019-04-06 21:48:43.486,2019-04-04 23:40:23.683,42be6c8c-90d3-4796-a6fb-fe09492a40c1,1689.6934,438.6425,1554336000000,jQfnryI8/B
533,0.0,3847297,com.sec.android.app.shealth,2019-04-13 13:31:34.874,2019-04-12 04:00:01.272,7aa03821-367e-422a-9f5b-c27295a149fd,1733.1224,243.71999,1555027200000,jQfnryI8/B
534,0.0,10976625,com.sec.android.app.shealth,2019-03-29 11:47:38.881,2019-03-25 04:00:54.876,70e1d2cc-634e-4135-93a8-af9110d4b3ac,1583.4485,845.1306,1553472000000,jQfnryI8/B
535,0.0,7718165,com.sec.android.app.shealth,2019-05-10 11:51:27.863,2019-05-05 04:00:02.324,2c8e263a-5cb0-427c-9968-37c16e3efef1,1651.8569,580.0834,1557014400000,FN3Qt5ROM0
536,0.0,5940009,com.sec.android.app.shealth,2019-05-10 11:51:25.619,2019-04-20 08:21:30.245,0dc6559e-91af-4242-9677-04f6688994d5,1689.1879,423.8703,1555718400000,FN3Qt5ROM0
537,0.0,1649651,com.sec.android.app.shealth,2019-03-16 12:30:44.349,2019-03-14 04:00:01.919,82f15a2e-5520-47d9-a6e4-bcdb4243480c,1779.2603,131.64,1552521600000,jQfnryI8/B
538,0.0,5855239,com.sec.android.app.shealth,2019-03-18 13:54:57.717,2019-03-17 04:00:01.845,5ae464b8-0a1e-4fad-8a31-24cad0b73c9f,1690.9674,381.231,1552780800000,jQfnryI8/B
539,0.0,8124298,com.sec.android.app.shealth,2019-05-10 11:51:26.926,2019-04-26 07:00:01.940,188e410b-a262-4680-bbf8-651433f8b03c,1643.3306,566.7229,1556236800000,FN3Qt5ROM0
540,0.0,17004195,com.sec.android.app.shealth,2019-04-08 13:43:51.453,2019-04-07 04:00:02.303,0cf7dd64-6466-40b2-98cd-2636e408623a,1456.9049,1072.9560000000001,1554595200000,jQfnryI8/B
541,0.0,8052980,com.sec.android.app.shealth,2019-05-10 11:51:24.571,2019-04-14 04:00:03.438,3c0f7206-138c-4dce-9c86-2693c23ea133,1644.8279,538.13104,1555200000000,FN3Qt5ROM0
542,0.0,10271377,com.sec.android.app.shealth,2019-05-10 11:51:24.841,2019-04-16 07:00:00.874,0f3701ac-3584-49dd-8ac8-01b78e3c2662,1598.2545,656.1747,1555372800000,FN3Qt5ROM0
543,0.0,6325500,com.sec.android.app.shealth,2019-04-11 11:26:15.526,2019-04-10 04:00:01.085,18db7ed2-1993-472f-b242-08b8eae3924e,1681.0947,446.05164,1554854400000,jQfnryI8/B
544,0.0,2198642,com.sec.android.app.shealth,2019-03-20 15:21:02.941,2019-03-19 04:00:01.112,ca98c3d7-7eea-41b4-acf7-be538b7699ed,1767.7346,160.31882,1552953600000,jQfnryI8/B
545,0.0,9046698,com.sec.android.app.shealth,2019-05-10 11:51:25.030,2019-04-17 07:01:00.996,79a7b125-5664-4273-9f68-71f37a34d876,1623.9656,1020.6626,1555459200000,FN3Qt5ROM0
546,0.0,3555102,com.sec.android.app.shealth,2019-04-07 18:22:27.302,2019-04-06 04:01:15.223,0571062c-aa03-404e-9255-aa563dbc63e9,1739.2568,225.68997000000002,1554508800000,jQfnryI8/B
547,0.0,6722267,com.sec.android.app.shealth,2019-03-23 21:27:37.593,2019-03-21 04:00:33.665,8e7ac53f-ffbc-471c-916d-fd27f7058d20,1672.765,503.85504000000003,1553126400000,jQfnryI8/B
548,0.0,7041100,com.sec.android.app.shealth,2019-03-25 13:56:19.124,2019-03-24 04:00:02.027,00251867-cea8-4631-9fe0-067abf9b6380,1666.0713,683.8008,1553385600000,jQfnryI8/B
549,0.0,10869587,com.sec.android.app.shealth,2019-04-01 15:28:19.304,2019-03-29 04:01:29.070,4f39dca7-92d7-4f99-b08b-a011dab77747,1585.6957,845.20874,1553817600000,jQfnryI8/B
550,0.0,1874003,com.sec.android.app.shealth,2019-04-04 12:04:09.818,2019-04-02 04:00:01.030,22106516-5eef-45da-917b-aa32df1a74e0,1774.5502,113.25998,1554163200000,jQfnryI8/B
551,0.0,2326953,com.sec.android.app.shealth,2019-03-29 11:47:38.978,2019-03-26 04:00:01.319,870cd4b3-c67b-4848-a087-28b6930ef2b6,1765.0408,164.71002,1553558400000,jQfnryI8/B
552,0.0,11916497,com.sec.android.app.shealth,2019-03-23 21:27:37.753,2019-03-22 04:00:54.822,09941a6a-052f-4bcc-934f-a45274cb3fab,1563.7167,896.2461,1553212800000,jQfnryI8/B
553,0.0,6672955,com.sec.android.app.shealth,2019-05-10 11:51:27.196,2019-04-28 07:00:23.423,5c017873-558b-45c2-8525-01905de0f01f,1673.8003,457.58,1556409600000,FN3Qt5ROM0
554,0.0,3003449,com.sec.android.app.shealth,2019-04-01 15:28:20.324,2019-03-31 04:00:01.061,63fc63aa-df7f-449b-8e59-50521f72b916,1750.8384,209.45996,1553990400000,jQfnryI8/B
555,0.0,6862326,com.sec.android.app.shealth,2019-05-10 11:51:27.801,2019-05-04 04:00:01.642,be70c344-e907-4c2c-b5da-24e25c89798e,1669.8245,453.3992,1556928000000,FN3Qt5ROM0
556,0.0,3985031,com.sec.android.app.shealth,2019-03-29 11:47:39.112,2019-03-27 04:00:01.664,5db8ce63-8b33-4215-b9c1-bf7abc43cc47,1730.2308,317.53796,1553644800000,jQfnryI8/B
557,0.0,2421352,com.sec.android.app.shealth,2019-03-23 21:27:37.577,2019-03-20 04:00:21.333,a6d9ba43-5417-4364-9431-045f11be9adc,1763.059,156.38098,1553040000000,jQfnryI8/B
558,0.0,3515857,com.sec.android.app.shealth,2019-05-12 14:27:08.064,2019-05-11 04:37:31.958,8b38d567-443c-4d03-beed-3a9b413d990f,1740.0808,223.91,1557532800000,FN3Qt5ROM0
559,0.0,2984959,com.sec.android.app.shealth,2019-05-12 14:30:47.436,2019-05-12 05:25:33.092,154bdd7d-a85d-4658-94d5-e1aad1a55170,731.9074,371.75,1557619200000,FN3Qt5ROM0
